,random_state,load_pattern,exp_type,regression_method,trace_family,y_metric,switch,nmae
0,42,FlashcrowdLoad,BothApps,reg_tree,VoD,DispFrames,SWC1,0.13194033415366085
1,42,FlashcrowdLoad,BothApps,random_forest,VoD,DispFrames,SWC1,0.1282974597146177
2,42,FlashcrowdLoad,BothApps,reg_tree,VoD,DispFrames,SWC2,0.14379256134835375
3,42,FlashcrowdLoad,BothApps,random_forest,VoD,DispFrames,SWC2,0.14372153367888835
4,42,FlashcrowdLoad,BothApps,reg_tree,VoD,DispFrames,SWC3,0.14379256134835375
5,42,FlashcrowdLoad,BothApps,random_forest,VoD,DispFrames,SWC3,0.14372153367888824
6,42,FlashcrowdLoad,BothApps,reg_tree,VoD,DispFrames,SWC4,0.1437306384973187
7,42,FlashcrowdLoad,BothApps,random_forest,VoD,DispFrames,SWC4,0.14365256908173968
8,42,FlashcrowdLoad,BothApps,reg_tree,VoD,DispFrames,SWA1,0.1314211395283636
9,42,FlashcrowdLoad,BothApps,random_forest,VoD,DispFrames,SWA1,0.12863529620630257
10,42,FlashcrowdLoad,BothApps,reg_tree,VoD,DispFrames,SWA2,0.1293547449196806
11,42,FlashcrowdLoad,BothApps,random_forest,VoD,DispFrames,SWA2,0.12766048594309395
12,42,FlashcrowdLoad,BothApps,reg_tree,VoD,DispFrames,SWA3,0.14379256134835375
13,42,FlashcrowdLoad,BothApps,random_forest,VoD,DispFrames,SWA3,0.14372153367888824
14,42,FlashcrowdLoad,BothApps,reg_tree,VoD,DispFrames,SWA4,0.1437935137027577
15,42,FlashcrowdLoad,BothApps,random_forest,VoD,DispFrames,SWA4,0.14372220302819716
16,42,FlashcrowdLoad,BothApps,reg_tree,VoD,DispFrames,SWA5,0.13541893814315234
17,42,FlashcrowdLoad,BothApps,random_forest,VoD,DispFrames,SWA5,0.13483064262779068
18,42,FlashcrowdLoad,BothApps,reg_tree,VoD,DispFrames,SWA6,0.14379256134835375
19,42,FlashcrowdLoad,BothApps,random_forest,VoD,DispFrames,SWA6,0.14372153367888824
20,42,FlashcrowdLoad,BothApps,reg_tree,VoD,DispFrames,SWB1,0.14235797431024994
21,42,FlashcrowdLoad,BothApps,random_forest,VoD,DispFrames,SWB1,0.14079943682629348
22,42,FlashcrowdLoad,BothApps,reg_tree,VoD,DispFrames,SWB2,0.1342221945318422
23,42,FlashcrowdLoad,BothApps,random_forest,VoD,DispFrames,SWB2,0.13165017023608852
24,42,FlashcrowdLoad,BothApps,reg_tree,VoD,DispFrames,SWB3,0.1300141220938081
25,42,FlashcrowdLoad,BothApps,random_forest,VoD,DispFrames,SWB3,0.12626814605818376
26,42,FlashcrowdLoad,BothApps,reg_tree,VoD,DispFrames,SWB4,0.13057485228912913
27,42,FlashcrowdLoad,BothApps,random_forest,VoD,DispFrames,SWB4,0.1268132513281905
28,42,FlashcrowdLoad,BothApps,reg_tree,VoD,noAudioPlayed,SWC1,0.34540730327938207
29,42,FlashcrowdLoad,BothApps,random_forest,VoD,noAudioPlayed,SWC1,0.3239676101732358
30,42,FlashcrowdLoad,BothApps,reg_tree,VoD,noAudioPlayed,SWC2,0.328420570989606
31,42,FlashcrowdLoad,BothApps,random_forest,VoD,noAudioPlayed,SWC2,0.3282447252252442
32,42,FlashcrowdLoad,BothApps,reg_tree,VoD,noAudioPlayed,SWC3,0.328420570989606
33,42,FlashcrowdLoad,BothApps,random_forest,VoD,noAudioPlayed,SWC3,0.3282447252252442
34,42,FlashcrowdLoad,BothApps,reg_tree,VoD,noAudioPlayed,SWC4,0.3283406367036278
35,42,FlashcrowdLoad,BothApps,random_forest,VoD,noAudioPlayed,SWC4,0.32816324120333434
36,42,FlashcrowdLoad,BothApps,reg_tree,VoD,noAudioPlayed,SWA1,0.34737434675934065
37,42,FlashcrowdLoad,BothApps,random_forest,VoD,noAudioPlayed,SWA1,0.32834220952438803
38,42,FlashcrowdLoad,BothApps,reg_tree,VoD,noAudioPlayed,SWA2,0.3421451674834209
39,42,FlashcrowdLoad,BothApps,random_forest,VoD,noAudioPlayed,SWA2,0.3245565960088099
40,42,FlashcrowdLoad,BothApps,reg_tree,VoD,noAudioPlayed,SWA3,0.328420570989606
41,42,FlashcrowdLoad,BothApps,random_forest,VoD,noAudioPlayed,SWA3,0.3282447252252442
42,42,FlashcrowdLoad,BothApps,reg_tree,VoD,noAudioPlayed,SWA4,0.32844069871617476
43,42,FlashcrowdLoad,BothApps,random_forest,VoD,noAudioPlayed,SWA4,0.3282687657500187
44,42,FlashcrowdLoad,BothApps,reg_tree,VoD,noAudioPlayed,SWA5,0.3608600107165093
45,42,FlashcrowdLoad,BothApps,random_forest,VoD,noAudioPlayed,SWA5,0.3452184457864357
46,42,FlashcrowdLoad,BothApps,reg_tree,VoD,noAudioPlayed,SWA6,0.328420570989606
47,42,FlashcrowdLoad,BothApps,random_forest,VoD,noAudioPlayed,SWA6,0.3282447252252442
48,42,FlashcrowdLoad,BothApps,reg_tree,VoD,noAudioPlayed,SWB1,0.3748690264680425
49,42,FlashcrowdLoad,BothApps,random_forest,VoD,noAudioPlayed,SWB1,0.35783612326024156
50,42,FlashcrowdLoad,BothApps,reg_tree,VoD,noAudioPlayed,SWB2,0.3422395335064462
51,42,FlashcrowdLoad,BothApps,random_forest,VoD,noAudioPlayed,SWB2,0.32761269999908244
52,42,FlashcrowdLoad,BothApps,reg_tree,VoD,noAudioPlayed,SWB3,0.33852997260131334
53,42,FlashcrowdLoad,BothApps,random_forest,VoD,noAudioPlayed,SWB3,0.3182120292519693
54,42,FlashcrowdLoad,BothApps,reg_tree,VoD,noAudioPlayed,SWB4,0.3441033786755101
55,42,FlashcrowdLoad,BothApps,random_forest,VoD,noAudioPlayed,SWB4,0.32284473364303357
56,42,PeriodicLoad,BothApps,reg_tree,VoD,DispFrames,SWC1,0.19011853035863033
57,42,PeriodicLoad,BothApps,random_forest,VoD,DispFrames,SWC1,0.18307812249298439
58,42,PeriodicLoad,BothApps,reg_tree,VoD,DispFrames,SWC2,0.18433920354262784
59,42,PeriodicLoad,BothApps,random_forest,VoD,DispFrames,SWC2,0.1842368416370175
60,42,PeriodicLoad,BothApps,reg_tree,VoD,DispFrames,SWC3,0.18433920354262784
61,42,PeriodicLoad,BothApps,random_forest,VoD,DispFrames,SWC3,0.1842368416370174
62,42,PeriodicLoad,BothApps,reg_tree,VoD,DispFrames,SWC4,0.1844142174841572
63,42,PeriodicLoad,BothApps,random_forest,VoD,DispFrames,SWC4,0.1842919403926856
64,42,PeriodicLoad,BothApps,reg_tree,VoD,DispFrames,SWA1,0.17687532362277406
65,42,PeriodicLoad,BothApps,random_forest,VoD,DispFrames,SWA1,0.17259962790751276
66,42,PeriodicLoad,BothApps,reg_tree,VoD,DispFrames,SWA2,0.1684555032756253
67,42,PeriodicLoad,BothApps,random_forest,VoD,DispFrames,SWA2,0.1663164234813121
68,42,PeriodicLoad,BothApps,reg_tree,VoD,DispFrames,SWA3,0.18433920354262784
69,42,PeriodicLoad,BothApps,random_forest,VoD,DispFrames,SWA3,0.1842368416370175
70,42,PeriodicLoad,BothApps,reg_tree,VoD,DispFrames,SWA4,0.18434122164727074
71,42,PeriodicLoad,BothApps,random_forest,VoD,DispFrames,SWA4,0.18423870368239115
72,42,PeriodicLoad,BothApps,reg_tree,VoD,DispFrames,SWA5,0.18955007992075462
73,42,PeriodicLoad,BothApps,random_forest,VoD,DispFrames,SWA5,0.18427829932636433
74,42,PeriodicLoad,BothApps,reg_tree,VoD,DispFrames,SWA6,0.18433920354262784
75,42,PeriodicLoad,BothApps,random_forest,VoD,DispFrames,SWA6,0.1842368416370174
76,42,PeriodicLoad,BothApps,reg_tree,VoD,DispFrames,SWB1,0.1834125036583444
77,42,PeriodicLoad,BothApps,random_forest,VoD,DispFrames,SWB1,0.17931336705889123
78,42,PeriodicLoad,BothApps,reg_tree,VoD,DispFrames,SWB2,0.18057869380220176
79,42,PeriodicLoad,BothApps,random_forest,VoD,DispFrames,SWB2,0.1730018480967259
80,42,PeriodicLoad,BothApps,reg_tree,VoD,DispFrames,SWB3,0.18762804205407593
81,42,PeriodicLoad,BothApps,random_forest,VoD,DispFrames,SWB3,0.1833984656550697
82,42,PeriodicLoad,BothApps,reg_tree,VoD,DispFrames,SWB4,0.18028321213894954
83,42,PeriodicLoad,BothApps,random_forest,VoD,DispFrames,SWB4,0.17311114198511765
84,42,PeriodicLoad,BothApps,reg_tree,VoD,noAudioPlayed,SWC1,0.525303011597592
85,42,PeriodicLoad,BothApps,random_forest,VoD,noAudioPlayed,SWC1,0.48607104133086604
86,42,PeriodicLoad,BothApps,reg_tree,VoD,noAudioPlayed,SWC2,0.43092349708590744
87,42,PeriodicLoad,BothApps,random_forest,VoD,noAudioPlayed,SWC2,0.4308563764062247
88,42,PeriodicLoad,BothApps,reg_tree,VoD,noAudioPlayed,SWC3,0.43092349708590744
89,42,PeriodicLoad,BothApps,random_forest,VoD,noAudioPlayed,SWC3,0.4308563764062247
90,42,PeriodicLoad,BothApps,reg_tree,VoD,noAudioPlayed,SWC4,0.4308772858366074
91,42,PeriodicLoad,BothApps,random_forest,VoD,noAudioPlayed,SWC4,0.4307897271205038
92,42,PeriodicLoad,BothApps,reg_tree,VoD,noAudioPlayed,SWA1,0.5014487912215598
93,42,PeriodicLoad,BothApps,random_forest,VoD,noAudioPlayed,SWA1,0.4653440856817331
94,42,PeriodicLoad,BothApps,reg_tree,VoD,noAudioPlayed,SWA2,0.47716429074589145
95,42,PeriodicLoad,BothApps,random_forest,VoD,noAudioPlayed,SWA2,0.4467099814507809
96,42,PeriodicLoad,BothApps,reg_tree,VoD,noAudioPlayed,SWA3,0.43092349708590744
97,42,PeriodicLoad,BothApps,random_forest,VoD,noAudioPlayed,SWA3,0.4308563764062248
98,42,PeriodicLoad,BothApps,reg_tree,VoD,noAudioPlayed,SWA4,0.4309248974782221
99,42,PeriodicLoad,BothApps,random_forest,VoD,noAudioPlayed,SWA4,0.4308594985408362
100,42,PeriodicLoad,BothApps,reg_tree,VoD,noAudioPlayed,SWA5,0.5288196890363905
101,42,PeriodicLoad,BothApps,random_forest,VoD,noAudioPlayed,SWA5,0.4919481790044368
102,42,PeriodicLoad,BothApps,reg_tree,VoD,noAudioPlayed,SWA6,0.43092349708590744
103,42,PeriodicLoad,BothApps,random_forest,VoD,noAudioPlayed,SWA6,0.4308563764062247
104,42,PeriodicLoad,BothApps,reg_tree,VoD,noAudioPlayed,SWB1,0.5060602319518377
105,42,PeriodicLoad,BothApps,random_forest,VoD,noAudioPlayed,SWB1,0.475531471954283
106,42,PeriodicLoad,BothApps,reg_tree,VoD,noAudioPlayed,SWB2,0.49348770161436745
107,42,PeriodicLoad,BothApps,random_forest,VoD,noAudioPlayed,SWB2,0.45332239394954316
108,42,PeriodicLoad,BothApps,reg_tree,VoD,noAudioPlayed,SWB3,0.5127613452335132
109,42,PeriodicLoad,BothApps,random_forest,VoD,noAudioPlayed,SWB3,0.48216407608854156
110,42,PeriodicLoad,BothApps,reg_tree,VoD,noAudioPlayed,SWB4,0.5037781134487042
111,42,PeriodicLoad,BothApps,random_forest,VoD,noAudioPlayed,SWB4,0.46230117570007306
112,42,FlashcrowdLoad,SingleApp,reg_tree,VoD,DispFrames,SWC1,0.1318832439932933
113,42,FlashcrowdLoad,SingleApp,random_forest,VoD,DispFrames,SWC1,0.12853445822204337
114,42,FlashcrowdLoad,SingleApp,reg_tree,VoD,DispFrames,SWC2,0.1444029055564841
115,42,FlashcrowdLoad,SingleApp,random_forest,VoD,DispFrames,SWC2,0.14439384051729212
116,42,FlashcrowdLoad,SingleApp,reg_tree,VoD,DispFrames,SWC3,0.1444029055564841
117,42,FlashcrowdLoad,SingleApp,random_forest,VoD,DispFrames,SWC3,0.14439384051729212
118,42,FlashcrowdLoad,SingleApp,reg_tree,VoD,DispFrames,SWC4,0.14445905340914042
119,42,FlashcrowdLoad,SingleApp,random_forest,VoD,DispFrames,SWC4,0.1444500389477057
120,42,FlashcrowdLoad,SingleApp,reg_tree,VoD,DispFrames,SWA1,0.13545959875447042
121,42,FlashcrowdLoad,SingleApp,random_forest,VoD,DispFrames,SWA1,0.1305096465316281
122,42,FlashcrowdLoad,SingleApp,reg_tree,VoD,DispFrames,SWA2,0.13830085981184903
123,42,FlashcrowdLoad,SingleApp,random_forest,VoD,DispFrames,SWA2,0.1346013306688426
124,42,FlashcrowdLoad,SingleApp,reg_tree,VoD,DispFrames,SWA3,0.1444029055564841
125,42,FlashcrowdLoad,SingleApp,random_forest,VoD,DispFrames,SWA3,0.14439384051729212
126,42,FlashcrowdLoad,SingleApp,reg_tree,VoD,DispFrames,SWA4,0.14442023369318555
127,42,FlashcrowdLoad,SingleApp,random_forest,VoD,DispFrames,SWA4,0.14441134958505775
128,42,FlashcrowdLoad,SingleApp,reg_tree,VoD,DispFrames,SWA5,0.12316467475545055
129,42,FlashcrowdLoad,SingleApp,random_forest,VoD,DispFrames,SWA5,0.12055309488562566
130,42,FlashcrowdLoad,SingleApp,reg_tree,VoD,DispFrames,SWA6,0.1444029055564841
131,42,FlashcrowdLoad,SingleApp,random_forest,VoD,DispFrames,SWA6,0.14439384051729212
132,42,FlashcrowdLoad,SingleApp,reg_tree,VoD,DispFrames,SWB1,0.11768863963614237
133,42,FlashcrowdLoad,SingleApp,random_forest,VoD,DispFrames,SWB1,0.1143082838742353
134,42,FlashcrowdLoad,SingleApp,reg_tree,VoD,DispFrames,SWB2,0.14034301619683992
135,42,FlashcrowdLoad,SingleApp,random_forest,VoD,DispFrames,SWB2,0.13640120985319232
136,42,FlashcrowdLoad,SingleApp,reg_tree,VoD,DispFrames,SWB3,0.13138767520421563
137,42,FlashcrowdLoad,SingleApp,random_forest,VoD,DispFrames,SWB3,0.1275141954073621
138,42,FlashcrowdLoad,SingleApp,reg_tree,VoD,DispFrames,SWB4,0.1370743270588818
139,42,FlashcrowdLoad,SingleApp,random_forest,VoD,DispFrames,SWB4,0.1339330977546145
140,42,FlashcrowdLoad,SingleApp,reg_tree,VoD,noAudioPlayed,SWC1,0.35289466534756997
141,42,FlashcrowdLoad,SingleApp,random_forest,VoD,noAudioPlayed,SWC1,0.33166809737637926
142,42,FlashcrowdLoad,SingleApp,reg_tree,VoD,noAudioPlayed,SWC2,0.32935882674699546
143,42,FlashcrowdLoad,SingleApp,random_forest,VoD,noAudioPlayed,SWC2,0.3293554852916579
144,42,FlashcrowdLoad,SingleApp,reg_tree,VoD,noAudioPlayed,SWC3,0.32935882674699546
145,42,FlashcrowdLoad,SingleApp,random_forest,VoD,noAudioPlayed,SWC3,0.3293554852916579
146,42,FlashcrowdLoad,SingleApp,reg_tree,VoD,noAudioPlayed,SWC4,0.32958460851457383
147,42,FlashcrowdLoad,SingleApp,random_forest,VoD,noAudioPlayed,SWC4,0.32959242486006296
148,42,FlashcrowdLoad,SingleApp,reg_tree,VoD,noAudioPlayed,SWA1,0.3624367576877534
149,42,FlashcrowdLoad,SingleApp,random_forest,VoD,noAudioPlayed,SWA1,0.3347112702293831
150,42,FlashcrowdLoad,SingleApp,reg_tree,VoD,noAudioPlayed,SWA2,0.36868478203294663
151,42,FlashcrowdLoad,SingleApp,random_forest,VoD,noAudioPlayed,SWA2,0.34679738456826764
152,42,FlashcrowdLoad,SingleApp,reg_tree,VoD,noAudioPlayed,SWA3,0.32935882674699546
153,42,FlashcrowdLoad,SingleApp,random_forest,VoD,noAudioPlayed,SWA3,0.3293554852916579
154,42,FlashcrowdLoad,SingleApp,reg_tree,VoD,noAudioPlayed,SWA4,0.3293531403634042
155,42,FlashcrowdLoad,SingleApp,random_forest,VoD,noAudioPlayed,SWA4,0.3293504686290135
156,42,FlashcrowdLoad,SingleApp,reg_tree,VoD,noAudioPlayed,SWA5,0.32834933140790135
157,42,FlashcrowdLoad,SingleApp,random_forest,VoD,noAudioPlayed,SWA5,0.3086469086391443
158,42,FlashcrowdLoad,SingleApp,reg_tree,VoD,noAudioPlayed,SWA6,0.32935882674699546
159,42,FlashcrowdLoad,SingleApp,random_forest,VoD,noAudioPlayed,SWA6,0.3293554852916579
160,42,FlashcrowdLoad,SingleApp,reg_tree,VoD,noAudioPlayed,SWB1,0.31803706627435496
161,42,FlashcrowdLoad,SingleApp,random_forest,VoD,noAudioPlayed,SWB1,0.2953893176573747
162,42,FlashcrowdLoad,SingleApp,reg_tree,VoD,noAudioPlayed,SWB2,0.3698325840795969
163,42,FlashcrowdLoad,SingleApp,random_forest,VoD,noAudioPlayed,SWB2,0.3487017931435676
164,42,FlashcrowdLoad,SingleApp,reg_tree,VoD,noAudioPlayed,SWB3,0.3494486961959781
165,42,FlashcrowdLoad,SingleApp,random_forest,VoD,noAudioPlayed,SWB3,0.3255143593642559
166,42,FlashcrowdLoad,SingleApp,reg_tree,VoD,noAudioPlayed,SWB4,0.3670548774965869
167,42,FlashcrowdLoad,SingleApp,random_forest,VoD,noAudioPlayed,SWB4,0.3446805956531577
168,42,PeriodicLoad,SingleApp,reg_tree,VoD,DispFrames,SWC1,0.13426941729886407
169,42,PeriodicLoad,SingleApp,random_forest,VoD,DispFrames,SWC1,0.12916260181761333
170,42,PeriodicLoad,SingleApp,reg_tree,VoD,DispFrames,SWC2,0.1323519834224784
171,42,PeriodicLoad,SingleApp,random_forest,VoD,DispFrames,SWC2,0.13223744456306857
172,42,PeriodicLoad,SingleApp,reg_tree,VoD,DispFrames,SWC3,0.1323519834224784
173,42,PeriodicLoad,SingleApp,random_forest,VoD,DispFrames,SWC3,0.13223744456306857
174,42,PeriodicLoad,SingleApp,reg_tree,VoD,DispFrames,SWC4,0.132376539311785
175,42,PeriodicLoad,SingleApp,random_forest,VoD,DispFrames,SWC4,0.1322605083582643
176,42,PeriodicLoad,SingleApp,reg_tree,VoD,DispFrames,SWA1,0.12474799815401057
177,42,PeriodicLoad,SingleApp,random_forest,VoD,DispFrames,SWA1,0.12237443458220354
178,42,PeriodicLoad,SingleApp,reg_tree,VoD,DispFrames,SWA2,0.12509007294896812
179,42,PeriodicLoad,SingleApp,random_forest,VoD,DispFrames,SWA2,0.12249990835274231
180,42,PeriodicLoad,SingleApp,reg_tree,VoD,DispFrames,SWA3,0.1323519834224784
181,42,PeriodicLoad,SingleApp,random_forest,VoD,DispFrames,SWA3,0.13223744456306857
182,42,PeriodicLoad,SingleApp,reg_tree,VoD,DispFrames,SWA4,0.1323507187975249
183,42,PeriodicLoad,SingleApp,random_forest,VoD,DispFrames,SWA4,0.13223663684002213
184,42,PeriodicLoad,SingleApp,reg_tree,VoD,DispFrames,SWA5,0.11833487165785503
185,42,PeriodicLoad,SingleApp,random_forest,VoD,DispFrames,SWA5,0.11590991135078302
186,42,PeriodicLoad,SingleApp,reg_tree,VoD,DispFrames,SWA6,0.1323519834224784
187,42,PeriodicLoad,SingleApp,random_forest,VoD,DispFrames,SWA6,0.13223744456306857
188,42,PeriodicLoad,SingleApp,reg_tree,VoD,DispFrames,SWB1,0.11919046346749144
189,42,PeriodicLoad,SingleApp,random_forest,VoD,DispFrames,SWB1,0.11542832123664498
190,42,PeriodicLoad,SingleApp,reg_tree,VoD,DispFrames,SWB2,0.12716478694205374
191,42,PeriodicLoad,SingleApp,random_forest,VoD,DispFrames,SWB2,0.12495720137323413
192,42,PeriodicLoad,SingleApp,reg_tree,VoD,DispFrames,SWB3,0.1313040943721612
193,42,PeriodicLoad,SingleApp,random_forest,VoD,DispFrames,SWB3,0.12803435439623462
194,42,PeriodicLoad,SingleApp,reg_tree,VoD,DispFrames,SWB4,0.12785905708803263
195,42,PeriodicLoad,SingleApp,random_forest,VoD,DispFrames,SWB4,0.12574038946641386
196,42,PeriodicLoad,SingleApp,reg_tree,VoD,noAudioPlayed,SWC1,0.3608329432620581
197,42,PeriodicLoad,SingleApp,random_forest,VoD,noAudioPlayed,SWC1,0.3280868501795908
198,42,PeriodicLoad,SingleApp,reg_tree,VoD,noAudioPlayed,SWC2,0.2877024896812346
199,42,PeriodicLoad,SingleApp,random_forest,VoD,noAudioPlayed,SWC2,0.2875768606880022
200,42,PeriodicLoad,SingleApp,reg_tree,VoD,noAudioPlayed,SWC3,0.2877024896812346
201,42,PeriodicLoad,SingleApp,random_forest,VoD,noAudioPlayed,SWC3,0.287576860688002
202,42,PeriodicLoad,SingleApp,reg_tree,VoD,noAudioPlayed,SWC4,0.28778943177119015
203,42,PeriodicLoad,SingleApp,random_forest,VoD,noAudioPlayed,SWC4,0.28767259889243246
204,42,PeriodicLoad,SingleApp,reg_tree,VoD,noAudioPlayed,SWA1,0.3375743210269995
205,42,PeriodicLoad,SingleApp,random_forest,VoD,noAudioPlayed,SWA1,0.31308682696106255
206,42,PeriodicLoad,SingleApp,reg_tree,VoD,noAudioPlayed,SWA2,0.34505331527386324
207,42,PeriodicLoad,SingleApp,random_forest,VoD,noAudioPlayed,SWA2,0.31627650572847527
208,42,PeriodicLoad,SingleApp,reg_tree,VoD,noAudioPlayed,SWA3,0.2877024896812346
209,42,PeriodicLoad,SingleApp,random_forest,VoD,noAudioPlayed,SWA3,0.2875768606880022
210,42,PeriodicLoad,SingleApp,reg_tree,VoD,noAudioPlayed,SWA4,0.2877145777922148
211,42,PeriodicLoad,SingleApp,random_forest,VoD,noAudioPlayed,SWA4,0.28758811972166215
212,42,PeriodicLoad,SingleApp,reg_tree,VoD,noAudioPlayed,SWA5,0.3176429652720374
213,42,PeriodicLoad,SingleApp,random_forest,VoD,noAudioPlayed,SWA5,0.2916836462964253
214,42,PeriodicLoad,SingleApp,reg_tree,VoD,noAudioPlayed,SWA6,0.2877024896812346
215,42,PeriodicLoad,SingleApp,random_forest,VoD,noAudioPlayed,SWA6,0.2875768606880022
216,42,PeriodicLoad,SingleApp,reg_tree,VoD,noAudioPlayed,SWB1,0.32442476935998427
217,42,PeriodicLoad,SingleApp,random_forest,VoD,noAudioPlayed,SWB1,0.29549539965865007
218,42,PeriodicLoad,SingleApp,reg_tree,VoD,noAudioPlayed,SWB2,0.34680282643986093
219,42,PeriodicLoad,SingleApp,random_forest,VoD,noAudioPlayed,SWB2,0.32143961144356087
220,42,PeriodicLoad,SingleApp,reg_tree,VoD,noAudioPlayed,SWB3,0.35568275752173606
221,42,PeriodicLoad,SingleApp,random_forest,VoD,noAudioPlayed,SWB3,0.32627738259842637
222,42,PeriodicLoad,SingleApp,reg_tree,VoD,noAudioPlayed,SWB4,0.3515633558744734
223,42,PeriodicLoad,SingleApp,random_forest,VoD,noAudioPlayed,SWB4,0.323248516774066
224,42,FlashcrowdLoad,BothApps,reg_tree,KV,ReadsAvg,SWC1,0.07689584401525679
225,42,FlashcrowdLoad,BothApps,random_forest,KV,ReadsAvg,SWC1,0.06837076908014499
226,42,FlashcrowdLoad,BothApps,reg_tree,KV,ReadsAvg,SWC2,0.07253154745304123
227,42,FlashcrowdLoad,BothApps,random_forest,KV,ReadsAvg,SWC2,0.07249338205036175
228,42,FlashcrowdLoad,BothApps,reg_tree,KV,ReadsAvg,SWC3,0.07253154745304123
229,42,FlashcrowdLoad,BothApps,random_forest,KV,ReadsAvg,SWC3,0.07249338205036182
230,42,FlashcrowdLoad,BothApps,reg_tree,KV,ReadsAvg,SWC4,0.07251748127236327
231,42,FlashcrowdLoad,BothApps,random_forest,KV,ReadsAvg,SWC4,0.07247943007379808
232,42,FlashcrowdLoad,BothApps,reg_tree,KV,ReadsAvg,SWA1,0.07052637203037906
233,42,FlashcrowdLoad,BothApps,random_forest,KV,ReadsAvg,SWA1,0.06310564678601922
234,42,FlashcrowdLoad,BothApps,reg_tree,KV,ReadsAvg,SWA2,0.09405645048433617
235,42,FlashcrowdLoad,BothApps,random_forest,KV,ReadsAvg,SWA2,0.08361877476939125
236,42,FlashcrowdLoad,BothApps,reg_tree,KV,ReadsAvg,SWA3,0.07253154745304123
237,42,FlashcrowdLoad,BothApps,random_forest,KV,ReadsAvg,SWA3,0.07249338205036175
238,42,FlashcrowdLoad,BothApps,reg_tree,KV,ReadsAvg,SWA4,0.07252778467525703
239,42,FlashcrowdLoad,BothApps,random_forest,KV,ReadsAvg,SWA4,0.07249071554590941
240,42,FlashcrowdLoad,BothApps,reg_tree,KV,ReadsAvg,SWA5,0.0697962910296689
241,42,FlashcrowdLoad,BothApps,random_forest,KV,ReadsAvg,SWA5,0.06216072091886229
242,42,FlashcrowdLoad,BothApps,reg_tree,KV,ReadsAvg,SWA6,0.07253154745304123
243,42,FlashcrowdLoad,BothApps,random_forest,KV,ReadsAvg,SWA6,0.07249338205036182
244,42,FlashcrowdLoad,BothApps,reg_tree,KV,ReadsAvg,SWB1,0.07711390105356385
245,42,FlashcrowdLoad,BothApps,random_forest,KV,ReadsAvg,SWB1,0.0690121655711015
246,42,FlashcrowdLoad,BothApps,reg_tree,KV,ReadsAvg,SWB2,0.09051320128013529
247,42,FlashcrowdLoad,BothApps,random_forest,KV,ReadsAvg,SWB2,0.08186685739174866
248,42,FlashcrowdLoad,BothApps,reg_tree,KV,ReadsAvg,SWB3,0.07605033162930694
249,42,FlashcrowdLoad,BothApps,random_forest,KV,ReadsAvg,SWB3,0.06780356690406303
250,42,FlashcrowdLoad,BothApps,reg_tree,KV,ReadsAvg,SWB4,0.09285638805042294
251,42,FlashcrowdLoad,BothApps,random_forest,KV,ReadsAvg,SWB4,0.08269631597123592
252,42,FlashcrowdLoad,BothApps,reg_tree,KV,WritesAvg,SWC1,0.07214096647254915
253,42,FlashcrowdLoad,BothApps,random_forest,KV,WritesAvg,SWC1,0.06413437382643315
254,42,FlashcrowdLoad,BothApps,reg_tree,KV,WritesAvg,SWC2,0.06918637774891433
255,42,FlashcrowdLoad,BothApps,random_forest,KV,WritesAvg,SWC2,0.06914109781960678
256,42,FlashcrowdLoad,BothApps,reg_tree,KV,WritesAvg,SWC3,0.06918637774891433
257,42,FlashcrowdLoad,BothApps,random_forest,KV,WritesAvg,SWC3,0.06914109781960684
258,42,FlashcrowdLoad,BothApps,reg_tree,KV,WritesAvg,SWC4,0.06920673748376537
259,42,FlashcrowdLoad,BothApps,random_forest,KV,WritesAvg,SWC4,0.06915498352969619
260,42,FlashcrowdLoad,BothApps,reg_tree,KV,WritesAvg,SWA1,0.06700743090838822
261,42,FlashcrowdLoad,BothApps,random_forest,KV,WritesAvg,SWA1,0.05983102331005315
262,42,FlashcrowdLoad,BothApps,reg_tree,KV,WritesAvg,SWA2,0.08851612422012867
263,42,FlashcrowdLoad,BothApps,random_forest,KV,WritesAvg,SWA2,0.07897793953466822
264,42,FlashcrowdLoad,BothApps,reg_tree,KV,WritesAvg,SWA3,0.06918637774891433
265,42,FlashcrowdLoad,BothApps,random_forest,KV,WritesAvg,SWA3,0.06914109781960678
266,42,FlashcrowdLoad,BothApps,reg_tree,KV,WritesAvg,SWA4,0.06918276976124131
267,42,FlashcrowdLoad,BothApps,random_forest,KV,WritesAvg,SWA4,0.06913844020702443
268,42,FlashcrowdLoad,BothApps,reg_tree,KV,WritesAvg,SWA5,0.06527350574714035
269,42,FlashcrowdLoad,BothApps,random_forest,KV,WritesAvg,SWA5,0.058194798010359275
270,42,FlashcrowdLoad,BothApps,reg_tree,KV,WritesAvg,SWA6,0.06918637774891433
271,42,FlashcrowdLoad,BothApps,random_forest,KV,WritesAvg,SWA6,0.06914109781960678
272,42,FlashcrowdLoad,BothApps,reg_tree,KV,WritesAvg,SWB1,0.07248204648347814
273,42,FlashcrowdLoad,BothApps,random_forest,KV,WritesAvg,SWB1,0.06456485121293068
274,42,FlashcrowdLoad,BothApps,reg_tree,KV,WritesAvg,SWB2,0.086553237537364
275,42,FlashcrowdLoad,BothApps,random_forest,KV,WritesAvg,SWB2,0.07807815321965668
276,42,FlashcrowdLoad,BothApps,reg_tree,KV,WritesAvg,SWB3,0.07168157325626326
277,42,FlashcrowdLoad,BothApps,random_forest,KV,WritesAvg,SWB3,0.06361687471313014
278,42,FlashcrowdLoad,BothApps,reg_tree,KV,WritesAvg,SWB4,0.08916995650898868
279,42,FlashcrowdLoad,BothApps,random_forest,KV,WritesAvg,SWB4,0.07913201037440809
280,42,PeriodicLoad,BothApps,reg_tree,KV,ReadsAvg,SWC1,0.07862004129807605
281,42,PeriodicLoad,BothApps,random_forest,KV,ReadsAvg,SWC1,0.06829919946603691
282,42,PeriodicLoad,BothApps,reg_tree,KV,ReadsAvg,SWC2,0.06457193198620766
283,42,PeriodicLoad,BothApps,random_forest,KV,ReadsAvg,SWC2,0.06454329983342331
284,42,PeriodicLoad,BothApps,reg_tree,KV,ReadsAvg,SWC3,0.06457193198620766
285,42,PeriodicLoad,BothApps,random_forest,KV,ReadsAvg,SWC3,0.06454329983342331
286,42,PeriodicLoad,BothApps,reg_tree,KV,ReadsAvg,SWC4,0.0644929821088325
287,42,PeriodicLoad,BothApps,random_forest,KV,ReadsAvg,SWC4,0.06447232969342205
288,42,PeriodicLoad,BothApps,reg_tree,KV,ReadsAvg,SWA1,0.07830612901978154
289,42,PeriodicLoad,BothApps,random_forest,KV,ReadsAvg,SWA1,0.06874279652426554
290,42,PeriodicLoad,BothApps,reg_tree,KV,ReadsAvg,SWA2,0.08617655229556363
291,42,PeriodicLoad,BothApps,random_forest,KV,ReadsAvg,SWA2,0.07538417711316266
292,42,PeriodicLoad,BothApps,reg_tree,KV,ReadsAvg,SWA3,0.06457193198620766
293,42,PeriodicLoad,BothApps,random_forest,KV,ReadsAvg,SWA3,0.06454329983342327
294,42,PeriodicLoad,BothApps,reg_tree,KV,ReadsAvg,SWA4,0.06457559368895784
295,42,PeriodicLoad,BothApps,random_forest,KV,ReadsAvg,SWA4,0.06454577263392068
296,42,PeriodicLoad,BothApps,reg_tree,KV,ReadsAvg,SWA5,0.0727513856166678
297,42,PeriodicLoad,BothApps,random_forest,KV,ReadsAvg,SWA5,0.06544688798370273
298,42,PeriodicLoad,BothApps,reg_tree,KV,ReadsAvg,SWA6,0.06457193198620766
299,42,PeriodicLoad,BothApps,random_forest,KV,ReadsAvg,SWA6,0.06454329983342331
300,42,PeriodicLoad,BothApps,reg_tree,KV,ReadsAvg,SWB1,0.07271638805095783
301,42,PeriodicLoad,BothApps,random_forest,KV,ReadsAvg,SWB1,0.0647661494075995
302,42,PeriodicLoad,BothApps,reg_tree,KV,ReadsAvg,SWB2,0.08503755196072639
303,42,PeriodicLoad,BothApps,random_forest,KV,ReadsAvg,SWB2,0.07589581236842728
304,42,PeriodicLoad,BothApps,reg_tree,KV,ReadsAvg,SWB3,0.07821308118189987
305,42,PeriodicLoad,BothApps,random_forest,KV,ReadsAvg,SWB3,0.06831836390731498
306,42,PeriodicLoad,BothApps,reg_tree,KV,ReadsAvg,SWB4,0.08476402940051331
307,42,PeriodicLoad,BothApps,random_forest,KV,ReadsAvg,SWB4,0.0749145912369825
308,42,PeriodicLoad,BothApps,reg_tree,KV,WritesAvg,SWC1,0.07630256362578862
309,42,PeriodicLoad,BothApps,random_forest,KV,WritesAvg,SWC1,0.06640223143846773
310,42,PeriodicLoad,BothApps,reg_tree,KV,WritesAvg,SWC2,0.06340995543674217
311,42,PeriodicLoad,BothApps,random_forest,KV,WritesAvg,SWC2,0.06338013588809856
312,42,PeriodicLoad,BothApps,reg_tree,KV,WritesAvg,SWC3,0.06340995543674217
313,42,PeriodicLoad,BothApps,random_forest,KV,WritesAvg,SWC3,0.06338013588809856
314,42,PeriodicLoad,BothApps,reg_tree,KV,WritesAvg,SWC4,0.06335417399191005
315,42,PeriodicLoad,BothApps,random_forest,KV,WritesAvg,SWC4,0.06333101082069405
316,42,PeriodicLoad,BothApps,reg_tree,KV,WritesAvg,SWA1,0.0764921534366765
317,42,PeriodicLoad,BothApps,random_forest,KV,WritesAvg,SWA1,0.0677622335556724
318,42,PeriodicLoad,BothApps,reg_tree,KV,WritesAvg,SWA2,0.08406877299177401
319,42,PeriodicLoad,BothApps,random_forest,KV,WritesAvg,SWA2,0.07455791286265158
320,42,PeriodicLoad,BothApps,reg_tree,KV,WritesAvg,SWA3,0.06340995543674217
321,42,PeriodicLoad,BothApps,random_forest,KV,WritesAvg,SWA3,0.06338013588809856
322,42,PeriodicLoad,BothApps,reg_tree,KV,WritesAvg,SWA4,0.06341001584818154
323,42,PeriodicLoad,BothApps,random_forest,KV,WritesAvg,SWA4,0.06338002988542195
324,42,PeriodicLoad,BothApps,reg_tree,KV,WritesAvg,SWA5,0.07160320980668984
325,42,PeriodicLoad,BothApps,random_forest,KV,WritesAvg,SWA5,0.06434906878429392
326,42,PeriodicLoad,BothApps,reg_tree,KV,WritesAvg,SWA6,0.06340995543674217
327,42,PeriodicLoad,BothApps,random_forest,KV,WritesAvg,SWA6,0.06338013588809856
328,42,PeriodicLoad,BothApps,reg_tree,KV,WritesAvg,SWB1,0.07010704488390346
329,42,PeriodicLoad,BothApps,random_forest,KV,WritesAvg,SWB1,0.06291614255988696
330,42,PeriodicLoad,BothApps,reg_tree,KV,WritesAvg,SWB2,0.08426299692982835
331,42,PeriodicLoad,BothApps,random_forest,KV,WritesAvg,SWB2,0.07534191780278905
332,42,PeriodicLoad,BothApps,reg_tree,KV,WritesAvg,SWB3,0.07653508489196742
333,42,PeriodicLoad,BothApps,random_forest,KV,WritesAvg,SWB3,0.06677715304793147
334,42,PeriodicLoad,BothApps,reg_tree,KV,WritesAvg,SWB4,0.08487586393678213
335,42,PeriodicLoad,BothApps,random_forest,KV,WritesAvg,SWB4,0.07548285820238645
336,42,FlashcrowdLoad,SingleApp,reg_tree,KV,ReadsAvg,SWC1,0.028327519001333245
337,42,FlashcrowdLoad,SingleApp,random_forest,KV,ReadsAvg,SWC1,0.024725895485178773
338,42,FlashcrowdLoad,SingleApp,reg_tree,KV,ReadsAvg,SWC2,0.03941970186991526
339,42,FlashcrowdLoad,SingleApp,random_forest,KV,ReadsAvg,SWC2,0.03942393724692574
340,42,FlashcrowdLoad,SingleApp,reg_tree,KV,ReadsAvg,SWC3,0.03941970186991526
341,42,FlashcrowdLoad,SingleApp,random_forest,KV,ReadsAvg,SWC3,0.03942393724692574
342,42,FlashcrowdLoad,SingleApp,reg_tree,KV,ReadsAvg,SWC4,0.03944444547123442
343,42,FlashcrowdLoad,SingleApp,random_forest,KV,ReadsAvg,SWC4,0.039446849485510624
344,42,FlashcrowdLoad,SingleApp,reg_tree,KV,ReadsAvg,SWA1,0.0287236518635907
345,42,FlashcrowdLoad,SingleApp,random_forest,KV,ReadsAvg,SWA1,0.025144442445695414
346,42,FlashcrowdLoad,SingleApp,reg_tree,KV,ReadsAvg,SWA2,0.04968871989729011
347,42,FlashcrowdLoad,SingleApp,random_forest,KV,ReadsAvg,SWA2,0.044128929149513475
348,42,FlashcrowdLoad,SingleApp,reg_tree,KV,ReadsAvg,SWA3,0.03941970186991526
349,42,FlashcrowdLoad,SingleApp,random_forest,KV,ReadsAvg,SWA3,0.03942393724692574
350,42,FlashcrowdLoad,SingleApp,reg_tree,KV,ReadsAvg,SWA4,0.03941459162911863
351,42,FlashcrowdLoad,SingleApp,random_forest,KV,ReadsAvg,SWA4,0.0394196199079226
352,42,FlashcrowdLoad,SingleApp,reg_tree,KV,ReadsAvg,SWA5,0.029383167429314756
353,42,FlashcrowdLoad,SingleApp,random_forest,KV,ReadsAvg,SWA5,0.025507948425536955
354,42,FlashcrowdLoad,SingleApp,reg_tree,KV,ReadsAvg,SWA6,0.03941970186991526
355,42,FlashcrowdLoad,SingleApp,random_forest,KV,ReadsAvg,SWA6,0.03942393724692574
356,42,FlashcrowdLoad,SingleApp,reg_tree,KV,ReadsAvg,SWB1,0.030409587569155305
357,42,FlashcrowdLoad,SingleApp,random_forest,KV,ReadsAvg,SWB1,0.026090154915464268
358,42,FlashcrowdLoad,SingleApp,reg_tree,KV,ReadsAvg,SWB2,0.049749639925177024
359,42,FlashcrowdLoad,SingleApp,random_forest,KV,ReadsAvg,SWB2,0.04420034225349481
360,42,FlashcrowdLoad,SingleApp,reg_tree,KV,ReadsAvg,SWB3,0.028744086653610345
361,42,FlashcrowdLoad,SingleApp,random_forest,KV,ReadsAvg,SWB3,0.025040082542226918
362,42,FlashcrowdLoad,SingleApp,reg_tree,KV,ReadsAvg,SWB4,0.050956387341463454
363,42,FlashcrowdLoad,SingleApp,random_forest,KV,ReadsAvg,SWB4,0.044830222909292346
364,42,FlashcrowdLoad,SingleApp,reg_tree,KV,WritesAvg,SWC1,0.03048842263139085
365,42,FlashcrowdLoad,SingleApp,random_forest,KV,WritesAvg,SWC1,0.026599720350208415
366,42,FlashcrowdLoad,SingleApp,reg_tree,KV,WritesAvg,SWC2,0.040909699751963124
367,42,FlashcrowdLoad,SingleApp,random_forest,KV,WritesAvg,SWC2,0.04090820871487975
368,42,FlashcrowdLoad,SingleApp,reg_tree,KV,WritesAvg,SWC3,0.040909699751963124
369,42,FlashcrowdLoad,SingleApp,random_forest,KV,WritesAvg,SWC3,0.040908208714879775
370,42,FlashcrowdLoad,SingleApp,reg_tree,KV,WritesAvg,SWC4,0.04119413779621236
371,42,FlashcrowdLoad,SingleApp,random_forest,KV,WritesAvg,SWC4,0.04117268725025547
372,42,FlashcrowdLoad,SingleApp,reg_tree,KV,WritesAvg,SWA1,0.0312521826130555
373,42,FlashcrowdLoad,SingleApp,random_forest,KV,WritesAvg,SWA1,0.027214431828823053
374,42,FlashcrowdLoad,SingleApp,reg_tree,KV,WritesAvg,SWA2,0.05246396451321763
375,42,FlashcrowdLoad,SingleApp,random_forest,KV,WritesAvg,SWA2,0.0465036591438378
376,42,FlashcrowdLoad,SingleApp,reg_tree,KV,WritesAvg,SWA3,0.040909699751963124
377,42,FlashcrowdLoad,SingleApp,random_forest,KV,WritesAvg,SWA3,0.04090820871487975
378,42,FlashcrowdLoad,SingleApp,reg_tree,KV,WritesAvg,SWA4,0.04090825113845916
379,42,FlashcrowdLoad,SingleApp,random_forest,KV,WritesAvg,SWA4,0.0409068392156667
380,42,FlashcrowdLoad,SingleApp,reg_tree,KV,WritesAvg,SWA5,0.03275742081891002
381,42,FlashcrowdLoad,SingleApp,random_forest,KV,WritesAvg,SWA5,0.02863930265512011
382,42,FlashcrowdLoad,SingleApp,reg_tree,KV,WritesAvg,SWA6,0.040909699751963124
383,42,FlashcrowdLoad,SingleApp,random_forest,KV,WritesAvg,SWA6,0.04090820871487975
384,42,FlashcrowdLoad,SingleApp,reg_tree,KV,WritesAvg,SWB1,0.03211148855340571
385,42,FlashcrowdLoad,SingleApp,random_forest,KV,WritesAvg,SWB1,0.02843680816198701
386,42,FlashcrowdLoad,SingleApp,reg_tree,KV,WritesAvg,SWB2,0.052232224927603904
387,42,FlashcrowdLoad,SingleApp,random_forest,KV,WritesAvg,SWB2,0.046199753284436505
388,42,FlashcrowdLoad,SingleApp,reg_tree,KV,WritesAvg,SWB3,0.031155449558910482
389,42,FlashcrowdLoad,SingleApp,random_forest,KV,WritesAvg,SWB3,0.02716566231622558
390,42,FlashcrowdLoad,SingleApp,reg_tree,KV,WritesAvg,SWB4,0.05325462052015117
391,42,FlashcrowdLoad,SingleApp,random_forest,KV,WritesAvg,SWB4,0.046565788218465326
392,42,PeriodicLoad,SingleApp,reg_tree,KV,ReadsAvg,SWC1,0.03544888345403131
393,42,PeriodicLoad,SingleApp,random_forest,KV,ReadsAvg,SWC1,0.030588033430131643
394,42,PeriodicLoad,SingleApp,reg_tree,KV,ReadsAvg,SWC2,0.043151361982456386
395,42,PeriodicLoad,SingleApp,random_forest,KV,ReadsAvg,SWC2,0.0431530202973022
396,42,PeriodicLoad,SingleApp,reg_tree,KV,ReadsAvg,SWC3,0.043151361982456386
397,42,PeriodicLoad,SingleApp,random_forest,KV,ReadsAvg,SWC3,0.0431530202973022
398,42,PeriodicLoad,SingleApp,reg_tree,KV,ReadsAvg,SWC4,0.043187076256066374
399,42,PeriodicLoad,SingleApp,random_forest,KV,ReadsAvg,SWC4,0.04319020272715363
400,42,PeriodicLoad,SingleApp,reg_tree,KV,ReadsAvg,SWA1,0.03713229498174655
401,42,PeriodicLoad,SingleApp,random_forest,KV,ReadsAvg,SWA1,0.03227437182846283
402,42,PeriodicLoad,SingleApp,reg_tree,KV,ReadsAvg,SWA2,0.058699414281708405
403,42,PeriodicLoad,SingleApp,random_forest,KV,ReadsAvg,SWA2,0.0506843912895418
404,42,PeriodicLoad,SingleApp,reg_tree,KV,ReadsAvg,SWA3,0.043151361982456386
405,42,PeriodicLoad,SingleApp,random_forest,KV,ReadsAvg,SWA3,0.0431530202973022
406,42,PeriodicLoad,SingleApp,reg_tree,KV,ReadsAvg,SWA4,0.04315321674124103
407,42,PeriodicLoad,SingleApp,random_forest,KV,ReadsAvg,SWA4,0.043154577083377
408,42,PeriodicLoad,SingleApp,reg_tree,KV,ReadsAvg,SWA5,0.03602192437992958
409,42,PeriodicLoad,SingleApp,random_forest,KV,ReadsAvg,SWA5,0.030962014543656588
410,42,PeriodicLoad,SingleApp,reg_tree,KV,ReadsAvg,SWA6,0.043151361982456386
411,42,PeriodicLoad,SingleApp,random_forest,KV,ReadsAvg,SWA6,0.04315302029730222
412,42,PeriodicLoad,SingleApp,reg_tree,KV,ReadsAvg,SWB1,0.03992007609027
413,42,PeriodicLoad,SingleApp,random_forest,KV,ReadsAvg,SWB1,0.03409866985890848
414,42,PeriodicLoad,SingleApp,reg_tree,KV,ReadsAvg,SWB2,0.058380816050010616
415,42,PeriodicLoad,SingleApp,random_forest,KV,ReadsAvg,SWB2,0.05100979094191993
416,42,PeriodicLoad,SingleApp,reg_tree,KV,ReadsAvg,SWB3,0.03569305547150628
417,42,PeriodicLoad,SingleApp,random_forest,KV,ReadsAvg,SWB3,0.030714775307778896
418,42,PeriodicLoad,SingleApp,reg_tree,KV,ReadsAvg,SWB4,0.058304195915255756
419,42,PeriodicLoad,SingleApp,random_forest,KV,ReadsAvg,SWB4,0.05079633052955281
420,42,PeriodicLoad,SingleApp,reg_tree,KV,WritesAvg,SWC1,0.037454480731647664
421,42,PeriodicLoad,SingleApp,random_forest,KV,WritesAvg,SWC1,0.032407989772202654
422,42,PeriodicLoad,SingleApp,reg_tree,KV,WritesAvg,SWC2,0.04519228236784078
423,42,PeriodicLoad,SingleApp,random_forest,KV,WritesAvg,SWC2,0.04519744044574105
424,42,PeriodicLoad,SingleApp,reg_tree,KV,WritesAvg,SWC3,0.04519228236784078
425,42,PeriodicLoad,SingleApp,random_forest,KV,WritesAvg,SWC3,0.04519744044574105
426,42,PeriodicLoad,SingleApp,reg_tree,KV,WritesAvg,SWC4,0.045220843821925455
427,42,PeriodicLoad,SingleApp,random_forest,KV,WritesAvg,SWC4,0.045226746695774166
428,42,PeriodicLoad,SingleApp,reg_tree,KV,WritesAvg,SWA1,0.03881779179975096
429,42,PeriodicLoad,SingleApp,random_forest,KV,WritesAvg,SWA1,0.033500693796442126
430,42,PeriodicLoad,SingleApp,reg_tree,KV,WritesAvg,SWA2,0.06177393842982926
431,42,PeriodicLoad,SingleApp,random_forest,KV,WritesAvg,SWA2,0.05365042109194981
432,42,PeriodicLoad,SingleApp,reg_tree,KV,WritesAvg,SWA3,0.04519228236784078
433,42,PeriodicLoad,SingleApp,random_forest,KV,WritesAvg,SWA3,0.04519744044574105
434,42,PeriodicLoad,SingleApp,reg_tree,KV,WritesAvg,SWA4,0.04519271651515902
435,42,PeriodicLoad,SingleApp,random_forest,KV,WritesAvg,SWA4,0.045197812361504025
436,42,PeriodicLoad,SingleApp,reg_tree,KV,WritesAvg,SWA5,0.0381175873256565
437,42,PeriodicLoad,SingleApp,random_forest,KV,WritesAvg,SWA5,0.032845963515020254
438,42,PeriodicLoad,SingleApp,reg_tree,KV,WritesAvg,SWA6,0.04519228236784078
439,42,PeriodicLoad,SingleApp,random_forest,KV,WritesAvg,SWA6,0.04519744044574107
440,42,PeriodicLoad,SingleApp,reg_tree,KV,WritesAvg,SWB1,0.041874566907164325
441,42,PeriodicLoad,SingleApp,random_forest,KV,WritesAvg,SWB1,0.035868759962362044
442,42,PeriodicLoad,SingleApp,reg_tree,KV,WritesAvg,SWB2,0.06154657248751111
443,42,PeriodicLoad,SingleApp,random_forest,KV,WritesAvg,SWB2,0.0536381234291359
444,42,PeriodicLoad,SingleApp,reg_tree,KV,WritesAvg,SWB3,0.036791660128172754
445,42,PeriodicLoad,SingleApp,random_forest,KV,WritesAvg,SWB3,0.032067593468794564
446,42,PeriodicLoad,SingleApp,reg_tree,KV,WritesAvg,SWB4,0.06085102261942108
447,42,PeriodicLoad,SingleApp,random_forest,KV,WritesAvg,SWB4,0.05312666389903399
