,random_state,load_pattern,exp_type,regression_method,trace_family,y_metric,nmae,training_time
0,0,FlashcrowdLoad,BothApps,reg_tree,VoD,DispFrames,0.10417130807371677,13.182959079742432
1,0,FlashcrowdLoad,BothApps,random_forest,VoD,DispFrames,0.10242376434950358,187.05847096443176
2,1,FlashcrowdLoad,BothApps,reg_tree,VoD,DispFrames,0.10422763635985592,12.293528318405151
3,1,FlashcrowdLoad,BothApps,random_forest,VoD,DispFrames,0.10291952780218008,172.22182631492615
4,2,FlashcrowdLoad,BothApps,reg_tree,VoD,DispFrames,0.10883274213288527,13.858556747436523
5,2,FlashcrowdLoad,BothApps,random_forest,VoD,DispFrames,0.10335216704351372,179.48182368278503
6,3,FlashcrowdLoad,BothApps,reg_tree,VoD,DispFrames,0.10463296858161321,6.802933216094971
7,3,FlashcrowdLoad,BothApps,random_forest,VoD,DispFrames,0.10119386243057282,176.12563133239746
8,4,FlashcrowdLoad,BothApps,reg_tree,VoD,DispFrames,0.10762944895834953,10.901060342788696
9,4,FlashcrowdLoad,BothApps,random_forest,VoD,DispFrames,0.10185540486189867,179.22626185417175
10,5,FlashcrowdLoad,BothApps,reg_tree,VoD,DispFrames,0.10390978375364025,13.212663173675537
11,5,FlashcrowdLoad,BothApps,random_forest,VoD,DispFrames,0.10002271929281038,180.78820157051086
12,6,FlashcrowdLoad,BothApps,reg_tree,VoD,DispFrames,0.10542299798917888,12.241090297698975
13,6,FlashcrowdLoad,BothApps,random_forest,VoD,DispFrames,0.10122368139195809,174.65982031822205
14,7,FlashcrowdLoad,BothApps,reg_tree,VoD,DispFrames,0.10738352518843994,13.951310634613037
15,7,FlashcrowdLoad,BothApps,random_forest,VoD,DispFrames,0.1016226411505427,174.41722798347473
16,8,FlashcrowdLoad,BothApps,reg_tree,VoD,DispFrames,0.106081105599013,10.244214057922363
17,8,FlashcrowdLoad,BothApps,random_forest,VoD,DispFrames,0.10235793387901376,175.9948935508728
18,9,FlashcrowdLoad,BothApps,reg_tree,VoD,DispFrames,0.1054856245220231,11.581151008605957
19,9,FlashcrowdLoad,BothApps,random_forest,VoD,DispFrames,0.10126095471362727,182.6256537437439
20,10,FlashcrowdLoad,BothApps,reg_tree,VoD,DispFrames,0.10614074545144328,14.058907747268677
21,10,FlashcrowdLoad,BothApps,random_forest,VoD,DispFrames,0.09965135056416409,178.74542021751404
22,11,FlashcrowdLoad,BothApps,reg_tree,VoD,DispFrames,0.10781909255294826,14.147944688796997
23,11,FlashcrowdLoad,BothApps,random_forest,VoD,DispFrames,0.10217006491661991,180.27437567710876
24,12,FlashcrowdLoad,BothApps,reg_tree,VoD,DispFrames,0.10663934977520476,10.445117950439453
25,12,FlashcrowdLoad,BothApps,random_forest,VoD,DispFrames,0.10065821809019747,173.53481245040894
26,13,FlashcrowdLoad,BothApps,reg_tree,VoD,DispFrames,0.10508332644115458,7.6354920864105225
27,13,FlashcrowdLoad,BothApps,random_forest,VoD,DispFrames,0.09969476263336367,178.88154578208923
28,14,FlashcrowdLoad,BothApps,reg_tree,VoD,DispFrames,0.10617129375730798,14.20836877822876
29,14,FlashcrowdLoad,BothApps,random_forest,VoD,DispFrames,0.10098832276156083,174.34402346611023
30,15,FlashcrowdLoad,BothApps,reg_tree,VoD,DispFrames,0.1054168454020642,12.226139068603516
31,15,FlashcrowdLoad,BothApps,random_forest,VoD,DispFrames,0.1014003810724813,182.63373136520386
32,16,FlashcrowdLoad,BothApps,reg_tree,VoD,DispFrames,0.10333642021615078,15.052408933639526
33,16,FlashcrowdLoad,BothApps,random_forest,VoD,DispFrames,0.10135982361655052,177.0700604915619
34,17,FlashcrowdLoad,BothApps,reg_tree,VoD,DispFrames,0.10571958779987145,14.160622835159302
35,17,FlashcrowdLoad,BothApps,random_forest,VoD,DispFrames,0.101567564812319,168.64262795448303
36,0,FlashcrowdLoad,BothApps,reg_tree,VoD,noAudioPlayed,0.28599379607517394,12.588543176651001
37,0,FlashcrowdLoad,BothApps,random_forest,VoD,noAudioPlayed,0.2381147142041325,245.6997194290161
38,1,FlashcrowdLoad,BothApps,reg_tree,VoD,noAudioPlayed,0.3000071106284502,17.561920404434204
39,1,FlashcrowdLoad,BothApps,random_forest,VoD,noAudioPlayed,0.2442757555581412,245.3529622554779
40,2,FlashcrowdLoad,BothApps,reg_tree,VoD,noAudioPlayed,0.28583350719799705,19.047204971313477
41,2,FlashcrowdLoad,BothApps,random_forest,VoD,noAudioPlayed,0.24047034194832742,275.36644649505615
42,3,FlashcrowdLoad,BothApps,reg_tree,VoD,noAudioPlayed,0.2861043747869213,14.903437852859497
43,3,FlashcrowdLoad,BothApps,random_forest,VoD,noAudioPlayed,0.23908865574417262,254.1754231452942
44,4,FlashcrowdLoad,BothApps,reg_tree,VoD,noAudioPlayed,0.28728215487349057,19.56513261795044
45,4,FlashcrowdLoad,BothApps,random_forest,VoD,noAudioPlayed,0.2378132177068121,250.8668065071106
46,5,FlashcrowdLoad,BothApps,reg_tree,VoD,noAudioPlayed,0.2827788398619433,18.628093719482422
47,5,FlashcrowdLoad,BothApps,random_forest,VoD,noAudioPlayed,0.2341681742559352,252.742577791214
48,6,FlashcrowdLoad,BothApps,reg_tree,VoD,noAudioPlayed,0.2940243378108999,8.85312271118164
49,6,FlashcrowdLoad,BothApps,random_forest,VoD,noAudioPlayed,0.23790302442032665,253.8636507987976
50,7,FlashcrowdLoad,BothApps,reg_tree,VoD,noAudioPlayed,0.29614892709961627,19.064522981643677
51,7,FlashcrowdLoad,BothApps,random_forest,VoD,noAudioPlayed,0.24095005404334663,247.23584532737732
52,8,FlashcrowdLoad,BothApps,reg_tree,VoD,noAudioPlayed,0.29533386131415296,20.995194673538208
53,8,FlashcrowdLoad,BothApps,random_forest,VoD,noAudioPlayed,0.23798735442659988,249.2010793685913
54,9,FlashcrowdLoad,BothApps,reg_tree,VoD,noAudioPlayed,0.2863118739401428,16.708715200424194
55,9,FlashcrowdLoad,BothApps,random_forest,VoD,noAudioPlayed,0.23528902124701953,239.45222997665405
56,10,FlashcrowdLoad,BothApps,reg_tree,VoD,noAudioPlayed,0.2890184007642058,21.378248691558838
57,10,FlashcrowdLoad,BothApps,random_forest,VoD,noAudioPlayed,0.23463389308623156,240.01871299743652
58,11,FlashcrowdLoad,BothApps,reg_tree,VoD,noAudioPlayed,0.2934090931215867,16.888230800628662
59,11,FlashcrowdLoad,BothApps,random_forest,VoD,noAudioPlayed,0.2424562277379905,255.64090991020203
60,12,FlashcrowdLoad,BothApps,reg_tree,VoD,noAudioPlayed,0.29225985821458755,16.525822162628174
61,12,FlashcrowdLoad,BothApps,random_forest,VoD,noAudioPlayed,0.23691723701214232,252.89273881912231
62,13,FlashcrowdLoad,BothApps,reg_tree,VoD,noAudioPlayed,0.28929082065731343,20.293776750564575
63,13,FlashcrowdLoad,BothApps,random_forest,VoD,noAudioPlayed,0.23210814611123487,248.19858193397522
64,14,FlashcrowdLoad,BothApps,reg_tree,VoD,noAudioPlayed,0.29237750014512287,18.41088891029358
65,14,FlashcrowdLoad,BothApps,random_forest,VoD,noAudioPlayed,0.23504667045061198,248.79339742660522
66,15,FlashcrowdLoad,BothApps,reg_tree,VoD,noAudioPlayed,0.28152241468700595,19.381428956985474
67,15,FlashcrowdLoad,BothApps,random_forest,VoD,noAudioPlayed,0.2404702291436551,247.552081823349
68,16,FlashcrowdLoad,BothApps,reg_tree,VoD,noAudioPlayed,0.2902254083789601,19.6906156539917
69,16,FlashcrowdLoad,BothApps,random_forest,VoD,noAudioPlayed,0.23605674856870745,248.94462180137634
70,17,FlashcrowdLoad,BothApps,reg_tree,VoD,noAudioPlayed,0.295458148767711,19.46851086616516
71,17,FlashcrowdLoad,BothApps,random_forest,VoD,noAudioPlayed,0.2403637331383328,262.99419379234314
72,0,PeriodicLoad,BothApps,reg_tree,VoD,DispFrames,0.15227942793039106,9.935763359069824
73,0,PeriodicLoad,BothApps,random_forest,VoD,DispFrames,0.14377608409295475,139.8681981563568
74,1,PeriodicLoad,BothApps,reg_tree,VoD,DispFrames,0.1512301053733073,10.426690340042114
75,1,PeriodicLoad,BothApps,random_forest,VoD,DispFrames,0.14398083814817525,141.4319589138031
76,2,PeriodicLoad,BothApps,reg_tree,VoD,DispFrames,0.14466316685744576,9.676968812942505
77,2,PeriodicLoad,BothApps,random_forest,VoD,DispFrames,0.14228345635294318,138.72088646888733
78,3,PeriodicLoad,BothApps,reg_tree,VoD,DispFrames,0.15265315790364148,5.948967218399048
79,3,PeriodicLoad,BothApps,random_forest,VoD,DispFrames,0.14442443946904884,143.21026015281677
80,4,PeriodicLoad,BothApps,reg_tree,VoD,DispFrames,0.15659870912559296,9.730818033218384
81,4,PeriodicLoad,BothApps,random_forest,VoD,DispFrames,0.14477605711209526,139.34647846221924
82,5,PeriodicLoad,BothApps,reg_tree,VoD,DispFrames,0.15037530477675984,10.70644736289978
83,5,PeriodicLoad,BothApps,random_forest,VoD,DispFrames,0.1429996133394148,145.21331596374512
84,6,PeriodicLoad,BothApps,reg_tree,VoD,DispFrames,0.1465382218704212,10.663551568984985
85,6,PeriodicLoad,BothApps,random_forest,VoD,DispFrames,0.1395546442412232,140.9462184906006
86,7,PeriodicLoad,BothApps,reg_tree,VoD,DispFrames,0.1510259717583179,10.938769578933716
87,7,PeriodicLoad,BothApps,random_forest,VoD,DispFrames,0.14403379914647862,139.33194732666016
88,8,PeriodicLoad,BothApps,reg_tree,VoD,DispFrames,0.1490997802148386,10.075134515762329
89,8,PeriodicLoad,BothApps,random_forest,VoD,DispFrames,0.1411738363846559,142.0910360813141
90,9,PeriodicLoad,BothApps,reg_tree,VoD,DispFrames,0.14624997888025953,10.813884973526001
91,9,PeriodicLoad,BothApps,random_forest,VoD,DispFrames,0.14224999389874163,140.79892587661743
92,10,PeriodicLoad,BothApps,reg_tree,VoD,DispFrames,0.14954260140175077,9.40391230583191
93,10,PeriodicLoad,BothApps,random_forest,VoD,DispFrames,0.1430772370309905,147.19763565063477
94,11,PeriodicLoad,BothApps,reg_tree,VoD,DispFrames,0.1494247056044809,6.684163808822632
95,11,PeriodicLoad,BothApps,random_forest,VoD,DispFrames,0.1396662111549752,148.62997102737427
96,12,PeriodicLoad,BothApps,reg_tree,VoD,DispFrames,0.1496933342319876,4.650047779083252
97,12,PeriodicLoad,BothApps,random_forest,VoD,DispFrames,0.1399229497577378,142.18216133117676
98,13,PeriodicLoad,BothApps,reg_tree,VoD,DispFrames,0.1536033725786362,9.433382511138916
99,13,PeriodicLoad,BothApps,random_forest,VoD,DispFrames,0.14237816390596908,139.08321738243103
100,14,PeriodicLoad,BothApps,reg_tree,VoD,DispFrames,0.1537261153647529,9.686925172805786
101,14,PeriodicLoad,BothApps,random_forest,VoD,DispFrames,0.14308117407997845,135.4296190738678
102,15,PeriodicLoad,BothApps,reg_tree,VoD,DispFrames,0.15633520358728226,10.841160297393799
103,15,PeriodicLoad,BothApps,random_forest,VoD,DispFrames,0.1440065496443513,145.2292342185974
104,16,PeriodicLoad,BothApps,reg_tree,VoD,DispFrames,0.15113229363490227,10.117133617401123
105,16,PeriodicLoad,BothApps,random_forest,VoD,DispFrames,0.14360350451695386,146.79634618759155
106,17,PeriodicLoad,BothApps,reg_tree,VoD,DispFrames,0.14993666700294805,8.791132688522339
107,17,PeriodicLoad,BothApps,random_forest,VoD,DispFrames,0.14127868200109853,136.0200970172882
108,0,PeriodicLoad,BothApps,reg_tree,VoD,noAudioPlayed,0.440363692825444,14.844060897827148
109,0,PeriodicLoad,BothApps,random_forest,VoD,noAudioPlayed,0.3376951256061848,195.5227177143097
110,1,PeriodicLoad,BothApps,reg_tree,VoD,noAudioPlayed,0.4399018835752527,10.362266063690186
111,1,PeriodicLoad,BothApps,random_forest,VoD,noAudioPlayed,0.33628645949988084,182.6422619819641
112,2,PeriodicLoad,BothApps,reg_tree,VoD,noAudioPlayed,0.4465957911599796,14.753844022750854
113,2,PeriodicLoad,BothApps,random_forest,VoD,noAudioPlayed,0.3342545328770116,194.56059408187866
114,3,PeriodicLoad,BothApps,reg_tree,VoD,noAudioPlayed,0.44086744954849133,14.132007837295532
115,3,PeriodicLoad,BothApps,random_forest,VoD,noAudioPlayed,0.34136569115566595,184.38462233543396
116,4,PeriodicLoad,BothApps,reg_tree,VoD,noAudioPlayed,0.4408113681744944,14.15785527229309
117,4,PeriodicLoad,BothApps,random_forest,VoD,noAudioPlayed,0.33210362390265136,203.40333580970764
118,5,PeriodicLoad,BothApps,reg_tree,VoD,noAudioPlayed,0.4273504886834967,8.83703088760376
119,5,PeriodicLoad,BothApps,random_forest,VoD,noAudioPlayed,0.3346468047801522,190.1859085559845
120,6,PeriodicLoad,BothApps,reg_tree,VoD,noAudioPlayed,0.43295068575605145,13.770145654678345
121,6,PeriodicLoad,BothApps,random_forest,VoD,noAudioPlayed,0.3254173115783138,190.2551736831665
122,7,PeriodicLoad,BothApps,reg_tree,VoD,noAudioPlayed,0.4349350337121389,14.662763595581055
123,7,PeriodicLoad,BothApps,random_forest,VoD,noAudioPlayed,0.33563885011524447,185.33896279335022
124,8,PeriodicLoad,BothApps,reg_tree,VoD,noAudioPlayed,0.4344444082648635,13.399506568908691
125,8,PeriodicLoad,BothApps,random_forest,VoD,noAudioPlayed,0.335364635906787,164.96564030647278
126,9,PeriodicLoad,BothApps,reg_tree,VoD,noAudioPlayed,0.4334261054136299,6.416117191314697
127,9,PeriodicLoad,BothApps,random_forest,VoD,noAudioPlayed,0.33606643973003447,132.75573825836182
128,10,PeriodicLoad,BothApps,reg_tree,VoD,noAudioPlayed,0.4337741804588497,6.366569757461548
129,10,PeriodicLoad,BothApps,random_forest,VoD,noAudioPlayed,0.33509396878519865,126.48193144798279
130,11,PeriodicLoad,BothApps,reg_tree,VoD,noAudioPlayed,0.4266137331694349,6.937346935272217
131,11,PeriodicLoad,BothApps,random_forest,VoD,noAudioPlayed,0.33254031355116587,126.13945412635803
132,12,PeriodicLoad,BothApps,reg_tree,VoD,noAudioPlayed,0.4214787711925808,7.023504734039307
133,12,PeriodicLoad,BothApps,random_forest,VoD,noAudioPlayed,0.3248791539873449,129.78809928894043
134,13,PeriodicLoad,BothApps,reg_tree,VoD,noAudioPlayed,0.4375633708971871,7.278257608413696
135,13,PeriodicLoad,BothApps,random_forest,VoD,noAudioPlayed,0.3384960999739274,132.4520559310913
136,14,PeriodicLoad,BothApps,reg_tree,VoD,noAudioPlayed,0.42586469716813014,7.479656457901001
137,14,PeriodicLoad,BothApps,random_forest,VoD,noAudioPlayed,0.3312986202059672,130.85956931114197
138,15,PeriodicLoad,BothApps,reg_tree,VoD,noAudioPlayed,0.44605548167129794,7.141797780990601
139,15,PeriodicLoad,BothApps,random_forest,VoD,noAudioPlayed,0.3355503416095716,126.68834567070007
140,16,PeriodicLoad,BothApps,reg_tree,VoD,noAudioPlayed,0.44054163532202995,7.059848308563232
141,16,PeriodicLoad,BothApps,random_forest,VoD,noAudioPlayed,0.3424781009490192,130.2513198852539
142,17,PeriodicLoad,BothApps,reg_tree,VoD,noAudioPlayed,0.42565828904065833,7.05406379699707
143,17,PeriodicLoad,BothApps,random_forest,VoD,noAudioPlayed,0.32697112871253964,132.3598027229309
144,0,FlashcrowdLoad,SingleApp,reg_tree,VoD,DispFrames,0.10914298230750473,7.9781529903411865
145,0,FlashcrowdLoad,SingleApp,random_forest,VoD,DispFrames,0.10171418003281438,128.93360924720764
146,1,FlashcrowdLoad,SingleApp,reg_tree,VoD,DispFrames,0.10624538597004954,6.924667596817017
147,1,FlashcrowdLoad,SingleApp,random_forest,VoD,DispFrames,0.09913349033064293,122.76021122932434
148,2,FlashcrowdLoad,SingleApp,reg_tree,VoD,DispFrames,0.1048602427438891,6.803346633911133
149,2,FlashcrowdLoad,SingleApp,random_forest,VoD,DispFrames,0.1010805583412088,121.23674321174622
150,3,FlashcrowdLoad,SingleApp,reg_tree,VoD,DispFrames,0.10510882072728622,7.35276985168457
151,3,FlashcrowdLoad,SingleApp,random_forest,VoD,DispFrames,0.10037009083172828,126.00209498405457
152,4,FlashcrowdLoad,SingleApp,reg_tree,VoD,DispFrames,0.10684982364952662,7.825383901596069
153,4,FlashcrowdLoad,SingleApp,random_forest,VoD,DispFrames,0.10109402608474446,123.8461766242981
154,5,FlashcrowdLoad,SingleApp,reg_tree,VoD,DispFrames,0.1047618655444191,7.902806282043457
155,5,FlashcrowdLoad,SingleApp,random_forest,VoD,DispFrames,0.09886677153422334,132.80793642997742
156,6,FlashcrowdLoad,SingleApp,reg_tree,VoD,DispFrames,0.1060684818481848,7.331632852554321
157,6,FlashcrowdLoad,SingleApp,random_forest,VoD,DispFrames,0.09995107948294829,142.32498908042908
158,7,FlashcrowdLoad,SingleApp,reg_tree,VoD,DispFrames,0.10565312956623604,7.243833303451538
159,7,FlashcrowdLoad,SingleApp,random_forest,VoD,DispFrames,0.10231504286311538,129.0766797065735
160,8,FlashcrowdLoad,SingleApp,reg_tree,VoD,DispFrames,0.10832026416952534,7.25631046295166
161,8,FlashcrowdLoad,SingleApp,random_forest,VoD,DispFrames,0.10203754815590303,129.13896894454956
162,9,FlashcrowdLoad,SingleApp,reg_tree,VoD,DispFrames,0.10627778075848435,7.450510263442993
163,9,FlashcrowdLoad,SingleApp,random_forest,VoD,DispFrames,0.09988330533762003,127.76597881317139
164,10,FlashcrowdLoad,SingleApp,reg_tree,VoD,DispFrames,0.10496604221733806,7.699566125869751
165,10,FlashcrowdLoad,SingleApp,random_forest,VoD,DispFrames,0.09902494223534439,126.46122193336487
166,11,FlashcrowdLoad,SingleApp,reg_tree,VoD,DispFrames,0.1066649054298381,7.591792821884155
167,11,FlashcrowdLoad,SingleApp,random_forest,VoD,DispFrames,0.10109096925816154,121.35535430908203
168,12,FlashcrowdLoad,SingleApp,reg_tree,VoD,DispFrames,0.10903215675903506,6.6850128173828125
169,12,FlashcrowdLoad,SingleApp,random_forest,VoD,DispFrames,0.10157033826166725,129.31852746009827
170,13,FlashcrowdLoad,SingleApp,reg_tree,VoD,DispFrames,0.10999673403916674,7.4481542110443115
171,13,FlashcrowdLoad,SingleApp,random_forest,VoD,DispFrames,0.10226012757917886,132.01416516304016
172,14,FlashcrowdLoad,SingleApp,reg_tree,VoD,DispFrames,0.10630524260301288,7.6687092781066895
173,14,FlashcrowdLoad,SingleApp,random_forest,VoD,DispFrames,0.1004110813410561,122.22818565368652
174,15,FlashcrowdLoad,SingleApp,reg_tree,VoD,DispFrames,0.10664731158781954,7.556196689605713
175,15,FlashcrowdLoad,SingleApp,random_forest,VoD,DispFrames,0.1022606428808739,124.44383096694946
176,16,FlashcrowdLoad,SingleApp,reg_tree,VoD,DispFrames,0.10713430889477638,7.395577430725098
177,16,FlashcrowdLoad,SingleApp,random_forest,VoD,DispFrames,0.10020630263313553,122.1997299194336
178,17,FlashcrowdLoad,SingleApp,reg_tree,VoD,DispFrames,0.11000202780157341,7.270665407180786
179,17,FlashcrowdLoad,SingleApp,random_forest,VoD,DispFrames,0.10238304619938944,122.97292470932007
180,0,FlashcrowdLoad,SingleApp,reg_tree,VoD,noAudioPlayed,0.2912766427218066,9.850831747055054
181,0,FlashcrowdLoad,SingleApp,random_forest,VoD,noAudioPlayed,0.2367029433864091,172.83706045150757
182,1,FlashcrowdLoad,SingleApp,reg_tree,VoD,noAudioPlayed,0.29626531176127474,11.223857402801514
183,1,FlashcrowdLoad,SingleApp,random_forest,VoD,noAudioPlayed,0.23110472801263487,176.71744418144226
184,2,FlashcrowdLoad,SingleApp,reg_tree,VoD,noAudioPlayed,0.29879312821986415,10.23142957687378
185,2,FlashcrowdLoad,SingleApp,random_forest,VoD,noAudioPlayed,0.23398624309845859,169.76780915260315
186,3,FlashcrowdLoad,SingleApp,reg_tree,VoD,noAudioPlayed,0.2859188531881308,11.430540800094604
187,3,FlashcrowdLoad,SingleApp,random_forest,VoD,noAudioPlayed,0.23245521123091345,176.02364039421082
188,4,FlashcrowdLoad,SingleApp,reg_tree,VoD,noAudioPlayed,0.2980726523046272,10.817757368087769
189,4,FlashcrowdLoad,SingleApp,random_forest,VoD,noAudioPlayed,0.235500198117753,174.59453654289246
190,5,FlashcrowdLoad,SingleApp,reg_tree,VoD,noAudioPlayed,0.2862718231363734,10.783225774765015
191,5,FlashcrowdLoad,SingleApp,random_forest,VoD,noAudioPlayed,0.22827413331827995,176.7693042755127
192,6,FlashcrowdLoad,SingleApp,reg_tree,VoD,noAudioPlayed,0.29054843672545805,10.733542442321777
193,6,FlashcrowdLoad,SingleApp,random_forest,VoD,noAudioPlayed,0.23277245256753043,185.1459996700287
194,7,FlashcrowdLoad,SingleApp,reg_tree,VoD,noAudioPlayed,0.295619965961233,10.876917362213135
195,7,FlashcrowdLoad,SingleApp,random_forest,VoD,noAudioPlayed,0.24011250553949035,186.20461010932922
196,8,FlashcrowdLoad,SingleApp,reg_tree,VoD,noAudioPlayed,0.2922302244037453,10.50842571258545
197,8,FlashcrowdLoad,SingleApp,random_forest,VoD,noAudioPlayed,0.23551301355130133,180.08523631095886
198,9,FlashcrowdLoad,SingleApp,reg_tree,VoD,noAudioPlayed,0.2909185478534258,9.588120937347412
199,9,FlashcrowdLoad,SingleApp,random_forest,VoD,noAudioPlayed,0.23180761298063926,174.51648044586182
200,10,FlashcrowdLoad,SingleApp,reg_tree,VoD,noAudioPlayed,0.2883600655166334,10.828777313232422
201,10,FlashcrowdLoad,SingleApp,random_forest,VoD,noAudioPlayed,0.22966092672136612,167.07209491729736
202,11,FlashcrowdLoad,SingleApp,reg_tree,VoD,noAudioPlayed,0.293049118117686,10.662540674209595
203,11,FlashcrowdLoad,SingleApp,random_forest,VoD,noAudioPlayed,0.2322305819156609,180.3716218471527
204,12,FlashcrowdLoad,SingleApp,reg_tree,VoD,noAudioPlayed,0.2909737766796531,10.436362981796265
205,12,FlashcrowdLoad,SingleApp,random_forest,VoD,noAudioPlayed,0.2339253826009203,175.1707329750061
206,13,FlashcrowdLoad,SingleApp,reg_tree,VoD,noAudioPlayed,0.2973687938695344,10.925995826721191
207,13,FlashcrowdLoad,SingleApp,random_forest,VoD,noAudioPlayed,0.23692332624981216,180.46908235549927
208,14,FlashcrowdLoad,SingleApp,reg_tree,VoD,noAudioPlayed,0.2963245292348264,10.119811773300171
209,14,FlashcrowdLoad,SingleApp,random_forest,VoD,noAudioPlayed,0.23300472482041568,187.69603419303894
210,15,FlashcrowdLoad,SingleApp,reg_tree,VoD,noAudioPlayed,0.2989837345814693,11.291899919509888
211,15,FlashcrowdLoad,SingleApp,random_forest,VoD,noAudioPlayed,0.2350688931412859,174.4669337272644
212,16,FlashcrowdLoad,SingleApp,reg_tree,VoD,noAudioPlayed,0.29242368952597303,11.035345315933228
213,16,FlashcrowdLoad,SingleApp,random_forest,VoD,noAudioPlayed,0.2322941668765344,173.9780991077423
214,17,FlashcrowdLoad,SingleApp,reg_tree,VoD,noAudioPlayed,0.3029307195089764,10.356204748153687
215,17,FlashcrowdLoad,SingleApp,random_forest,VoD,noAudioPlayed,0.23970817441136338,157.9319291114807
216,0,PeriodicLoad,SingleApp,reg_tree,VoD,DispFrames,0.11050039520885267,6.501408100128174
217,0,PeriodicLoad,SingleApp,random_forest,VoD,DispFrames,0.1057539368881863,68.82672333717346
218,1,PeriodicLoad,SingleApp,reg_tree,VoD,DispFrames,0.11276832951573998,7.5093302726745605
219,1,PeriodicLoad,SingleApp,random_forest,VoD,DispFrames,0.10494077662686911,70.88719391822815
220,2,PeriodicLoad,SingleApp,reg_tree,VoD,DispFrames,0.11180058812569364,6.548655033111572
221,2,PeriodicLoad,SingleApp,random_forest,VoD,DispFrames,0.1049206246337716,74.9652726650238
222,3,PeriodicLoad,SingleApp,reg_tree,VoD,DispFrames,0.11057742930966054,6.629992961883545
223,3,PeriodicLoad,SingleApp,random_forest,VoD,DispFrames,0.10534193658996227,76.9131109714508
224,4,PeriodicLoad,SingleApp,reg_tree,VoD,DispFrames,0.1135844169552491,6.761599540710449
225,4,PeriodicLoad,SingleApp,random_forest,VoD,DispFrames,0.10714165370921447,69.88239359855652
226,5,PeriodicLoad,SingleApp,reg_tree,VoD,DispFrames,0.10826091721223978,6.793671607971191
227,5,PeriodicLoad,SingleApp,random_forest,VoD,DispFrames,0.10436773048350022,68.62338614463806
228,6,PeriodicLoad,SingleApp,reg_tree,VoD,DispFrames,0.10977242845780512,6.436347961425781
229,6,PeriodicLoad,SingleApp,random_forest,VoD,DispFrames,0.10524781410121144,67.45788478851318
230,7,PeriodicLoad,SingleApp,reg_tree,VoD,DispFrames,0.11378701467394614,6.823301315307617
231,7,PeriodicLoad,SingleApp,random_forest,VoD,DispFrames,0.10550333867792412,68.98293352127075
232,8,PeriodicLoad,SingleApp,reg_tree,VoD,DispFrames,0.11195064972988758,6.587623596191406
233,8,PeriodicLoad,SingleApp,random_forest,VoD,DispFrames,0.10585922924676758,69.53018021583557
234,9,PeriodicLoad,SingleApp,reg_tree,VoD,DispFrames,0.11477560236682545,6.740177631378174
235,9,PeriodicLoad,SingleApp,random_forest,VoD,DispFrames,0.10634216222582309,74.40636658668518
236,10,PeriodicLoad,SingleApp,reg_tree,VoD,DispFrames,0.1145865479883704,6.643192291259766
237,10,PeriodicLoad,SingleApp,random_forest,VoD,DispFrames,0.1061717316094661,74.64893841743469
238,11,PeriodicLoad,SingleApp,reg_tree,VoD,DispFrames,0.11151990080997086,7.0866053104400635
239,11,PeriodicLoad,SingleApp,random_forest,VoD,DispFrames,0.10429357493344783,68.15132594108582
240,12,PeriodicLoad,SingleApp,reg_tree,VoD,DispFrames,0.11486533072146718,6.495928049087524
241,12,PeriodicLoad,SingleApp,random_forest,VoD,DispFrames,0.10689728011723658,68.66907167434692
242,13,PeriodicLoad,SingleApp,reg_tree,VoD,DispFrames,0.11149752259289769,6.131476640701294
243,13,PeriodicLoad,SingleApp,random_forest,VoD,DispFrames,0.10555725765980732,76.36942267417908
244,14,PeriodicLoad,SingleApp,reg_tree,VoD,DispFrames,0.1104328793774319,6.610079765319824
245,14,PeriodicLoad,SingleApp,random_forest,VoD,DispFrames,0.10609827604842195,67.70623135566711
246,15,PeriodicLoad,SingleApp,reg_tree,VoD,DispFrames,0.1097534286548001,6.850722789764404
247,15,PeriodicLoad,SingleApp,random_forest,VoD,DispFrames,0.10403066200866755,70.34564113616943
248,16,PeriodicLoad,SingleApp,reg_tree,VoD,DispFrames,0.10953079654339402,6.321893692016602
249,16,PeriodicLoad,SingleApp,random_forest,VoD,DispFrames,0.10479147413760492,74.39276933670044
250,17,PeriodicLoad,SingleApp,reg_tree,VoD,DispFrames,0.11062327195478906,6.673573732376099
251,17,PeriodicLoad,SingleApp,random_forest,VoD,DispFrames,0.10451247841210382,66.62008380889893
252,0,PeriodicLoad,SingleApp,reg_tree,VoD,noAudioPlayed,0.31284618979902346,9.650234699249268
253,0,PeriodicLoad,SingleApp,random_forest,VoD,noAudioPlayed,0.22870025308525344,98.03914308547974
254,1,PeriodicLoad,SingleApp,reg_tree,VoD,noAudioPlayed,0.3123305896720514,10.233647346496582
255,1,PeriodicLoad,SingleApp,random_forest,VoD,noAudioPlayed,0.23002437109259943,101.33187007904053
256,2,PeriodicLoad,SingleApp,reg_tree,VoD,noAudioPlayed,0.32167425085027906,10.208614110946655
257,2,PeriodicLoad,SingleApp,random_forest,VoD,noAudioPlayed,0.22687806597950744,110.42966365814209
258,3,PeriodicLoad,SingleApp,reg_tree,VoD,noAudioPlayed,0.3131376747701222,9.376412630081177
259,3,PeriodicLoad,SingleApp,random_forest,VoD,noAudioPlayed,0.22909743987446768,96.67396903038025
260,4,PeriodicLoad,SingleApp,reg_tree,VoD,noAudioPlayed,0.31919388713522995,10.684915781021118
261,4,PeriodicLoad,SingleApp,random_forest,VoD,noAudioPlayed,0.23339939658630282,103.62042236328125
262,5,PeriodicLoad,SingleApp,reg_tree,VoD,noAudioPlayed,0.30847518330232704,10.098734855651855
263,5,PeriodicLoad,SingleApp,random_forest,VoD,noAudioPlayed,0.22802511018036753,108.75278306007385
264,6,PeriodicLoad,SingleApp,reg_tree,VoD,noAudioPlayed,0.3091466466778066,10.530638694763184
265,6,PeriodicLoad,SingleApp,random_forest,VoD,noAudioPlayed,0.22726528653881437,101.51493000984192
266,7,PeriodicLoad,SingleApp,reg_tree,VoD,noAudioPlayed,0.32032055150354743,10.747837781906128
267,7,PeriodicLoad,SingleApp,random_forest,VoD,noAudioPlayed,0.23335618020219476,117.65785551071167
268,8,PeriodicLoad,SingleApp,reg_tree,VoD,noAudioPlayed,0.3200362489758423,10.090235233306885
269,8,PeriodicLoad,SingleApp,random_forest,VoD,noAudioPlayed,0.2319115748442039,116.4477813243866
270,9,PeriodicLoad,SingleApp,reg_tree,VoD,noAudioPlayed,0.31217713099792466,10.457069873809814
271,9,PeriodicLoad,SingleApp,random_forest,VoD,noAudioPlayed,0.2283509405812684,111.4049780368805
272,10,PeriodicLoad,SingleApp,reg_tree,VoD,noAudioPlayed,0.3162360815090731,9.614590167999268
273,10,PeriodicLoad,SingleApp,random_forest,VoD,noAudioPlayed,0.23160101238969785,98.05625605583191
274,11,PeriodicLoad,SingleApp,reg_tree,VoD,noAudioPlayed,0.3094042208802839,9.691171646118164
275,11,PeriodicLoad,SingleApp,random_forest,VoD,noAudioPlayed,0.22693112536055948,98.83098721504211
276,12,PeriodicLoad,SingleApp,reg_tree,VoD,noAudioPlayed,0.31964127215246685,9.249754190444946
277,12,PeriodicLoad,SingleApp,random_forest,VoD,noAudioPlayed,0.23079151333220307,118.00371408462524
278,13,PeriodicLoad,SingleApp,reg_tree,VoD,noAudioPlayed,0.31126950866510655,9.606133937835693
279,13,PeriodicLoad,SingleApp,random_forest,VoD,noAudioPlayed,0.22798460618866012,100.32125449180603
280,14,PeriodicLoad,SingleApp,reg_tree,VoD,noAudioPlayed,0.3117258913378972,9.960311889648438
281,14,PeriodicLoad,SingleApp,random_forest,VoD,noAudioPlayed,0.22969904155619753,115.21366381645203
282,15,PeriodicLoad,SingleApp,reg_tree,VoD,noAudioPlayed,0.310563245693068,9.158373832702637
283,15,PeriodicLoad,SingleApp,random_forest,VoD,noAudioPlayed,0.22647713518177934,97.65735793113708
284,16,PeriodicLoad,SingleApp,reg_tree,VoD,noAudioPlayed,0.3115817154924246,8.64932131767273
285,16,PeriodicLoad,SingleApp,random_forest,VoD,noAudioPlayed,0.22816942006753588,97.69147801399231
286,17,PeriodicLoad,SingleApp,reg_tree,VoD,noAudioPlayed,0.3139939183814072,9.963051080703735
287,17,PeriodicLoad,SingleApp,random_forest,VoD,noAudioPlayed,0.2265317426290733,106.42783117294312
288,0,FlashcrowdLoad,BothApps,reg_tree,KV,ReadsAvg,0.04131543343477824,5.2745442390441895
289,0,FlashcrowdLoad,BothApps,random_forest,KV,ReadsAvg,0.030771315740450618,60.29238271713257
290,1,FlashcrowdLoad,BothApps,reg_tree,KV,ReadsAvg,0.042432134107695925,5.445265531539917
291,1,FlashcrowdLoad,BothApps,random_forest,KV,ReadsAvg,0.03064507610517779,54.086803913116455
292,2,FlashcrowdLoad,BothApps,reg_tree,KV,ReadsAvg,0.04249847438173077,5.236348628997803
293,2,FlashcrowdLoad,BothApps,random_forest,KV,ReadsAvg,0.03027155986550144,52.78466558456421
294,3,FlashcrowdLoad,BothApps,reg_tree,KV,ReadsAvg,0.04133281076064713,5.236204147338867
295,3,FlashcrowdLoad,BothApps,random_forest,KV,ReadsAvg,0.030422566981341964,53.91740608215332
296,4,FlashcrowdLoad,BothApps,reg_tree,KV,ReadsAvg,0.0424075393174449,5.413778066635132
297,4,FlashcrowdLoad,BothApps,random_forest,KV,ReadsAvg,0.03130596858997178,57.57694172859192
298,5,FlashcrowdLoad,BothApps,reg_tree,KV,ReadsAvg,0.04124854813677053,5.154394626617432
299,5,FlashcrowdLoad,BothApps,random_forest,KV,ReadsAvg,0.031097665321890938,53.14136028289795
300,6,FlashcrowdLoad,BothApps,reg_tree,KV,ReadsAvg,0.0434367503816153,5.326682806015015
301,6,FlashcrowdLoad,BothApps,random_forest,KV,ReadsAvg,0.030881144314364783,57.60668635368347
302,7,FlashcrowdLoad,BothApps,reg_tree,KV,ReadsAvg,0.04087212866440584,4.9700376987457275
303,7,FlashcrowdLoad,BothApps,random_forest,KV,ReadsAvg,0.03094197707204513,54.64978337287903
304,8,FlashcrowdLoad,BothApps,reg_tree,KV,ReadsAvg,0.040511066211941664,5.239808797836304
305,8,FlashcrowdLoad,BothApps,random_forest,KV,ReadsAvg,0.03053091767683483,54.206424951553345
306,9,FlashcrowdLoad,BothApps,reg_tree,KV,ReadsAvg,0.04163970533921251,5.170398950576782
307,9,FlashcrowdLoad,BothApps,random_forest,KV,ReadsAvg,0.030200171038211793,55.937997817993164
308,10,FlashcrowdLoad,BothApps,reg_tree,KV,ReadsAvg,0.04159732628136697,5.062510967254639
309,10,FlashcrowdLoad,BothApps,random_forest,KV,ReadsAvg,0.03131922893756007,53.122522592544556
310,11,FlashcrowdLoad,BothApps,reg_tree,KV,ReadsAvg,0.043290382955809,5.067631006240845
311,11,FlashcrowdLoad,BothApps,random_forest,KV,ReadsAvg,0.03193564981314728,58.85480451583862
312,12,FlashcrowdLoad,BothApps,reg_tree,KV,ReadsAvg,0.041402436304843984,5.21304988861084
313,12,FlashcrowdLoad,BothApps,random_forest,KV,ReadsAvg,0.029907958911507347,53.83070755004883
314,13,FlashcrowdLoad,BothApps,reg_tree,KV,ReadsAvg,0.042895207137570626,5.185829162597656
315,13,FlashcrowdLoad,BothApps,random_forest,KV,ReadsAvg,0.031073408100812515,52.653539419174194
316,14,FlashcrowdLoad,BothApps,reg_tree,KV,ReadsAvg,0.043122113389991,5.277008295059204
317,14,FlashcrowdLoad,BothApps,random_forest,KV,ReadsAvg,0.031043948740926464,53.0833375453949
318,15,FlashcrowdLoad,BothApps,reg_tree,KV,ReadsAvg,0.04334810395263378,5.272989511489868
319,15,FlashcrowdLoad,BothApps,random_forest,KV,ReadsAvg,0.030865355239765926,57.079426765441895
320,16,FlashcrowdLoad,BothApps,reg_tree,KV,ReadsAvg,0.0398476422665852,5.24564790725708
321,16,FlashcrowdLoad,BothApps,random_forest,KV,ReadsAvg,0.030379734003194984,54.03880500793457
322,17,FlashcrowdLoad,BothApps,reg_tree,KV,ReadsAvg,0.04059676281083772,5.174549341201782
323,17,FlashcrowdLoad,BothApps,random_forest,KV,ReadsAvg,0.030161670210408918,55.16965365409851
324,0,FlashcrowdLoad,BothApps,reg_tree,KV,WritesAvg,0.041521182096750556,5.153337478637695
325,0,FlashcrowdLoad,BothApps,random_forest,KV,WritesAvg,0.029509822290852483,53.012229442596436
326,1,FlashcrowdLoad,BothApps,reg_tree,KV,WritesAvg,0.041024155449373566,5.278453588485718
327,1,FlashcrowdLoad,BothApps,random_forest,KV,WritesAvg,0.02880888224247486,53.98460102081299
328,2,FlashcrowdLoad,BothApps,reg_tree,KV,WritesAvg,0.04101784507014626,4.969274282455444
329,2,FlashcrowdLoad,BothApps,random_forest,KV,WritesAvg,0.028971891426747595,52.99301815032959
330,3,FlashcrowdLoad,BothApps,reg_tree,KV,WritesAvg,0.042038425167293565,5.095722198486328
331,3,FlashcrowdLoad,BothApps,random_forest,KV,WritesAvg,0.028895019202683603,52.05199408531189
332,4,FlashcrowdLoad,BothApps,reg_tree,KV,WritesAvg,0.04014018294481942,5.084517955780029
333,4,FlashcrowdLoad,BothApps,random_forest,KV,WritesAvg,0.028440067725529847,57.35345149040222
334,5,FlashcrowdLoad,BothApps,reg_tree,KV,WritesAvg,0.04210577198644507,5.026880502700806
335,5,FlashcrowdLoad,BothApps,random_forest,KV,WritesAvg,0.029504857049144715,54.84512734413147
336,6,FlashcrowdLoad,BothApps,reg_tree,KV,WritesAvg,0.04116362836744729,5.354117393493652
337,6,FlashcrowdLoad,BothApps,random_forest,KV,WritesAvg,0.028810296134204334,53.53636860847473
338,7,FlashcrowdLoad,BothApps,reg_tree,KV,WritesAvg,0.03951236839175488,5.002120494842529
339,7,FlashcrowdLoad,BothApps,random_forest,KV,WritesAvg,0.028860907496632258,51.84150838851929
340,8,FlashcrowdLoad,BothApps,reg_tree,KV,WritesAvg,0.040130383377568926,5.240461826324463
341,8,FlashcrowdLoad,BothApps,random_forest,KV,WritesAvg,0.028601184008150256,61.01004242897034
342,9,FlashcrowdLoad,BothApps,reg_tree,KV,WritesAvg,0.0420937823865741,5.189802169799805
343,9,FlashcrowdLoad,BothApps,random_forest,KV,WritesAvg,0.029835112106682743,58.98148703575134
344,10,FlashcrowdLoad,BothApps,reg_tree,KV,WritesAvg,0.04167064636290105,5.1400673389434814
345,10,FlashcrowdLoad,BothApps,random_forest,KV,WritesAvg,0.029684317079956588,52.60258102416992
346,11,FlashcrowdLoad,BothApps,reg_tree,KV,WritesAvg,0.04256616233604318,5.150599479675293
347,11,FlashcrowdLoad,BothApps,random_forest,KV,WritesAvg,0.029819334524387505,52.04238033294678
348,12,FlashcrowdLoad,BothApps,reg_tree,KV,WritesAvg,0.04075228206388888,5.118278503417969
349,12,FlashcrowdLoad,BothApps,random_forest,KV,WritesAvg,0.02865192404661098,53.36005425453186
350,13,FlashcrowdLoad,BothApps,reg_tree,KV,WritesAvg,0.0407055134090887,5.3021156787872314
351,13,FlashcrowdLoad,BothApps,random_forest,KV,WritesAvg,0.02872819098178625,52.81644606590271
352,14,FlashcrowdLoad,BothApps,reg_tree,KV,WritesAvg,0.04077124753144004,4.972580909729004
353,14,FlashcrowdLoad,BothApps,random_forest,KV,WritesAvg,0.02911539631279757,59.06049966812134
354,15,FlashcrowdLoad,BothApps,reg_tree,KV,WritesAvg,0.04180058585224403,5.183214902877808
355,15,FlashcrowdLoad,BothApps,random_forest,KV,WritesAvg,0.029608529847002997,53.866798639297485
356,16,FlashcrowdLoad,BothApps,reg_tree,KV,WritesAvg,0.040632962043139084,4.990810394287109
357,16,FlashcrowdLoad,BothApps,random_forest,KV,WritesAvg,0.029349865489473204,62.260785818099976
358,17,FlashcrowdLoad,BothApps,reg_tree,KV,WritesAvg,0.04025342701723258,5.115682125091553
359,17,FlashcrowdLoad,BothApps,random_forest,KV,WritesAvg,0.02866388696297854,57.25551104545593
360,0,PeriodicLoad,BothApps,reg_tree,KV,ReadsAvg,0.06059303123692057,6.422898292541504
361,0,PeriodicLoad,BothApps,random_forest,KV,ReadsAvg,0.043855463852916984,73.69842100143433
362,1,PeriodicLoad,BothApps,reg_tree,KV,ReadsAvg,0.061349497007787954,6.610666036605835
363,1,PeriodicLoad,BothApps,random_forest,KV,ReadsAvg,0.04478331458719633,67.1581163406372
364,2,PeriodicLoad,BothApps,reg_tree,KV,ReadsAvg,0.058368061031238164,6.521206617355347
365,2,PeriodicLoad,BothApps,random_forest,KV,ReadsAvg,0.04428972690655247,67.67048621177673
366,3,PeriodicLoad,BothApps,reg_tree,KV,ReadsAvg,0.06117608699519269,6.659018039703369
367,3,PeriodicLoad,BothApps,random_forest,KV,ReadsAvg,0.04426618456066725,66.8122935295105
368,4,PeriodicLoad,BothApps,reg_tree,KV,ReadsAvg,0.06103377934294383,6.763570785522461
369,4,PeriodicLoad,BothApps,random_forest,KV,ReadsAvg,0.04540337338611789,67.29278516769409
370,5,PeriodicLoad,BothApps,reg_tree,KV,ReadsAvg,0.061326616163697355,6.516561985015869
371,5,PeriodicLoad,BothApps,random_forest,KV,ReadsAvg,0.042881401500725704,74.93312215805054
372,6,PeriodicLoad,BothApps,reg_tree,KV,ReadsAvg,0.06114164790160108,6.142235040664673
373,6,PeriodicLoad,BothApps,random_forest,KV,ReadsAvg,0.043916708173245424,66.73218584060669
374,7,PeriodicLoad,BothApps,reg_tree,KV,ReadsAvg,0.06111449316492274,6.401272773742676
375,7,PeriodicLoad,BothApps,random_forest,KV,ReadsAvg,0.043176485924735525,66.33289575576782
376,8,PeriodicLoad,BothApps,reg_tree,KV,ReadsAvg,0.06116748094710962,6.663175344467163
377,8,PeriodicLoad,BothApps,random_forest,KV,ReadsAvg,0.04379839168229272,83.80932021141052
378,9,PeriodicLoad,BothApps,reg_tree,KV,ReadsAvg,0.060230994946104,6.45435643196106
379,9,PeriodicLoad,BothApps,random_forest,KV,ReadsAvg,0.043648956472282015,77.25378918647766
380,10,PeriodicLoad,BothApps,reg_tree,KV,ReadsAvg,0.06066478310396076,6.52135968208313
381,10,PeriodicLoad,BothApps,random_forest,KV,ReadsAvg,0.04485055382265034,72.11437630653381
382,11,PeriodicLoad,BothApps,reg_tree,KV,ReadsAvg,0.059891194733038326,6.454380512237549
383,11,PeriodicLoad,BothApps,random_forest,KV,ReadsAvg,0.04385227944125622,79.64880585670471
384,12,PeriodicLoad,BothApps,reg_tree,KV,ReadsAvg,0.05970441710376133,6.628643035888672
385,12,PeriodicLoad,BothApps,random_forest,KV,ReadsAvg,0.04380727236288206,74.51053714752197
386,13,PeriodicLoad,BothApps,reg_tree,KV,ReadsAvg,0.060143673795145194,7.026578187942505
387,13,PeriodicLoad,BothApps,random_forest,KV,ReadsAvg,0.04456596673646575,75.52677989006042
388,14,PeriodicLoad,BothApps,reg_tree,KV,ReadsAvg,0.0608470347432748,6.424246072769165
389,14,PeriodicLoad,BothApps,random_forest,KV,ReadsAvg,0.045235061504275996,77.16551065444946
390,15,PeriodicLoad,BothApps,reg_tree,KV,ReadsAvg,0.06250565917722689,6.1841747760772705
391,15,PeriodicLoad,BothApps,random_forest,KV,ReadsAvg,0.04432542271732632,66.3056628704071
392,16,PeriodicLoad,BothApps,reg_tree,KV,ReadsAvg,0.05803602486451859,6.458390712738037
393,16,PeriodicLoad,BothApps,random_forest,KV,ReadsAvg,0.04264629856907439,67.91935968399048
394,17,PeriodicLoad,BothApps,reg_tree,KV,ReadsAvg,0.060894832557487226,6.531490802764893
395,17,PeriodicLoad,BothApps,random_forest,KV,ReadsAvg,0.044606114888859974,70.1356372833252
396,0,PeriodicLoad,BothApps,reg_tree,KV,WritesAvg,0.06089925075333258,6.265944719314575
397,0,PeriodicLoad,BothApps,random_forest,KV,WritesAvg,0.04466708420496339,71.75620150566101
398,1,PeriodicLoad,BothApps,reg_tree,KV,WritesAvg,0.05937542001413037,6.693430423736572
399,1,PeriodicLoad,BothApps,random_forest,KV,WritesAvg,0.0458618242530255,73.0173830986023
400,2,PeriodicLoad,BothApps,reg_tree,KV,WritesAvg,0.059173863150761626,6.685714483261108
401,2,PeriodicLoad,BothApps,random_forest,KV,WritesAvg,0.04505521842014964,67.86749696731567
402,3,PeriodicLoad,BothApps,reg_tree,KV,WritesAvg,0.05944599511576172,6.798283100128174
403,3,PeriodicLoad,BothApps,random_forest,KV,WritesAvg,0.04482795528417364,69.39755487442017
404,4,PeriodicLoad,BothApps,reg_tree,KV,WritesAvg,0.062068251716861256,6.488566637039185
405,4,PeriodicLoad,BothApps,random_forest,KV,WritesAvg,0.04570523286193839,67.92330813407898
406,5,PeriodicLoad,BothApps,reg_tree,KV,WritesAvg,0.060051171562217454,6.628673315048218
407,5,PeriodicLoad,BothApps,random_forest,KV,WritesAvg,0.043288172000461096,79.66106224060059
408,6,PeriodicLoad,BothApps,reg_tree,KV,WritesAvg,0.06269279630947201,6.89450740814209
409,6,PeriodicLoad,BothApps,random_forest,KV,WritesAvg,0.04433704697440108,68.10849165916443
410,7,PeriodicLoad,BothApps,reg_tree,KV,WritesAvg,0.058957464284022786,6.5543904304504395
411,7,PeriodicLoad,BothApps,random_forest,KV,WritesAvg,0.04300233789743042,66.85873866081238
412,8,PeriodicLoad,BothApps,reg_tree,KV,WritesAvg,0.061501080642470764,6.19654107093811
413,8,PeriodicLoad,BothApps,random_forest,KV,WritesAvg,0.0444385666360127,66.02468228340149
414,9,PeriodicLoad,BothApps,reg_tree,KV,WritesAvg,0.059425369508839476,6.482665300369263
415,9,PeriodicLoad,BothApps,random_forest,KV,WritesAvg,0.04410361532260469,76.89656639099121
416,10,PeriodicLoad,BothApps,reg_tree,KV,WritesAvg,0.06288066819517431,6.604857921600342
417,10,PeriodicLoad,BothApps,random_forest,KV,WritesAvg,0.04536733167750587,69.2106511592865
418,11,PeriodicLoad,BothApps,reg_tree,KV,WritesAvg,0.05937907905955221,6.711532354354858
419,11,PeriodicLoad,BothApps,random_forest,KV,WritesAvg,0.044834134434259994,69.52770829200745
420,12,PeriodicLoad,BothApps,reg_tree,KV,WritesAvg,0.06249561806944554,6.709585666656494
421,12,PeriodicLoad,BothApps,random_forest,KV,WritesAvg,0.04340934117443534,77.90425205230713
422,13,PeriodicLoad,BothApps,reg_tree,KV,WritesAvg,0.0594489415105467,6.888741731643677
423,13,PeriodicLoad,BothApps,random_forest,KV,WritesAvg,0.04464153997460679,77.77085971832275
424,14,PeriodicLoad,BothApps,reg_tree,KV,WritesAvg,0.061555577206324166,6.990080833435059
425,14,PeriodicLoad,BothApps,random_forest,KV,WritesAvg,0.04552542356103833,70.69510316848755
426,15,PeriodicLoad,BothApps,reg_tree,KV,WritesAvg,0.05907355525684018,6.6151041984558105
427,15,PeriodicLoad,BothApps,random_forest,KV,WritesAvg,0.04458486322916448,68.41966509819031
428,16,PeriodicLoad,BothApps,reg_tree,KV,WritesAvg,0.060808982138645315,6.6593756675720215
429,16,PeriodicLoad,BothApps,random_forest,KV,WritesAvg,0.043859067382775514,67.96899056434631
430,17,PeriodicLoad,BothApps,reg_tree,KV,WritesAvg,0.06163505764772214,6.447673797607422
431,17,PeriodicLoad,BothApps,random_forest,KV,WritesAvg,0.044991750719128434,67.14339256286621
432,0,FlashcrowdLoad,SingleApp,reg_tree,KV,ReadsAvg,0.029979749466869328,4.839332103729248
433,0,FlashcrowdLoad,SingleApp,random_forest,KV,ReadsAvg,0.02068817241002978,53.90924406051636
434,1,FlashcrowdLoad,SingleApp,reg_tree,KV,ReadsAvg,0.030031612294122722,5.117286682128906
435,1,FlashcrowdLoad,SingleApp,random_forest,KV,ReadsAvg,0.020880055224502612,51.65297055244446
436,2,FlashcrowdLoad,SingleApp,reg_tree,KV,ReadsAvg,0.02864837189973498,4.98416543006897
437,2,FlashcrowdLoad,SingleApp,random_forest,KV,ReadsAvg,0.02094344448634763,57.90070343017578
438,3,FlashcrowdLoad,SingleApp,reg_tree,KV,ReadsAvg,0.029708945852149567,5.430667161941528
439,3,FlashcrowdLoad,SingleApp,random_forest,KV,ReadsAvg,0.021058443712325292,48.92919039726257
440,4,FlashcrowdLoad,SingleApp,reg_tree,KV,ReadsAvg,0.029479926172987288,5.052680969238281
441,4,FlashcrowdLoad,SingleApp,random_forest,KV,ReadsAvg,0.020313286344567538,50.48992466926575
442,5,FlashcrowdLoad,SingleApp,reg_tree,KV,ReadsAvg,0.029790734119419945,4.300048828125
443,5,FlashcrowdLoad,SingleApp,random_forest,KV,ReadsAvg,0.020812549642187747,48.88152718544006
444,6,FlashcrowdLoad,SingleApp,reg_tree,KV,ReadsAvg,0.029483190716184264,5.155206918716431
445,6,FlashcrowdLoad,SingleApp,random_forest,KV,ReadsAvg,0.020869187697053922,49.91916489601135
446,7,FlashcrowdLoad,SingleApp,reg_tree,KV,ReadsAvg,0.029505114634470173,5.313511610031128
447,7,FlashcrowdLoad,SingleApp,random_forest,KV,ReadsAvg,0.020516283060775003,54.84038281440735
448,8,FlashcrowdLoad,SingleApp,reg_tree,KV,ReadsAvg,0.029770865336469228,5.389120101928711
449,8,FlashcrowdLoad,SingleApp,random_forest,KV,ReadsAvg,0.020907932757050246,50.96360993385315
450,9,FlashcrowdLoad,SingleApp,reg_tree,KV,ReadsAvg,0.029300260473563766,5.240465402603149
451,9,FlashcrowdLoad,SingleApp,random_forest,KV,ReadsAvg,0.020899568046045446,55.86467885971069
452,10,FlashcrowdLoad,SingleApp,reg_tree,KV,ReadsAvg,0.029958417506102827,4.917430877685547
453,10,FlashcrowdLoad,SingleApp,random_forest,KV,ReadsAvg,0.02104968436849584,55.10451865196228
454,11,FlashcrowdLoad,SingleApp,reg_tree,KV,ReadsAvg,0.02999338366614603,5.48647665977478
455,11,FlashcrowdLoad,SingleApp,random_forest,KV,ReadsAvg,0.020916685764513318,50.027859926223755
456,12,FlashcrowdLoad,SingleApp,reg_tree,KV,ReadsAvg,0.028500254649484382,4.979057312011719
457,12,FlashcrowdLoad,SingleApp,random_forest,KV,ReadsAvg,0.020325112742679917,51.11890459060669
458,13,FlashcrowdLoad,SingleApp,reg_tree,KV,ReadsAvg,0.029307866613987887,4.91303014755249
459,13,FlashcrowdLoad,SingleApp,random_forest,KV,ReadsAvg,0.020627526933799486,48.57538866996765
460,14,FlashcrowdLoad,SingleApp,reg_tree,KV,ReadsAvg,0.029117956595881775,4.887192249298096
461,14,FlashcrowdLoad,SingleApp,random_forest,KV,ReadsAvg,0.020487131554341752,58.64724397659302
462,15,FlashcrowdLoad,SingleApp,reg_tree,KV,ReadsAvg,0.02840039852539308,4.750239372253418
463,15,FlashcrowdLoad,SingleApp,random_forest,KV,ReadsAvg,0.020662880748775665,51.71567440032959
464,16,FlashcrowdLoad,SingleApp,reg_tree,KV,ReadsAvg,0.028739793093141088,4.828100681304932
465,16,FlashcrowdLoad,SingleApp,random_forest,KV,ReadsAvg,0.020725197851840186,52.37929940223694
466,17,FlashcrowdLoad,SingleApp,reg_tree,KV,ReadsAvg,0.030145010013712094,5.300748348236084
467,17,FlashcrowdLoad,SingleApp,random_forest,KV,ReadsAvg,0.020778879968008108,55.619316816329956
468,0,FlashcrowdLoad,SingleApp,reg_tree,KV,WritesAvg,0.03129178965042035,5.935051202774048
469,0,FlashcrowdLoad,SingleApp,random_forest,KV,WritesAvg,0.02284608839337593,55.75353264808655
470,1,FlashcrowdLoad,SingleApp,reg_tree,KV,WritesAvg,0.03236318829164082,5.354820728302002
471,1,FlashcrowdLoad,SingleApp,random_forest,KV,WritesAvg,0.022979942967320456,50.14168834686279
472,2,FlashcrowdLoad,SingleApp,reg_tree,KV,WritesAvg,0.03126696000717011,5.3921051025390625
473,2,FlashcrowdLoad,SingleApp,random_forest,KV,WritesAvg,0.022765712167986667,50.5885329246521
474,3,FlashcrowdLoad,SingleApp,reg_tree,KV,WritesAvg,0.03179115636213222,5.084643840789795
475,3,FlashcrowdLoad,SingleApp,random_forest,KV,WritesAvg,0.02267155109611817,50.54289770126343
476,4,FlashcrowdLoad,SingleApp,reg_tree,KV,WritesAvg,0.03149289363747807,5.283456563949585
477,4,FlashcrowdLoad,SingleApp,random_forest,KV,WritesAvg,0.023273402489639116,52.10322403907776
478,5,FlashcrowdLoad,SingleApp,reg_tree,KV,WritesAvg,0.03114861850788388,5.238326072692871
479,5,FlashcrowdLoad,SingleApp,random_forest,KV,WritesAvg,0.02272518533952786,49.52672243118286
480,6,FlashcrowdLoad,SingleApp,reg_tree,KV,WritesAvg,0.032437522212785445,4.60547137260437
481,6,FlashcrowdLoad,SingleApp,random_forest,KV,WritesAvg,0.02313956179486431,52.27811312675476
482,7,FlashcrowdLoad,SingleApp,reg_tree,KV,WritesAvg,0.03126139737505135,5.422497272491455
483,7,FlashcrowdLoad,SingleApp,random_forest,KV,WritesAvg,0.02210003847176294,50.44536304473877
484,8,FlashcrowdLoad,SingleApp,reg_tree,KV,WritesAvg,0.03273853974048802,4.710446357727051
485,8,FlashcrowdLoad,SingleApp,random_forest,KV,WritesAvg,0.02316680756192276,49.844335317611694
486,9,FlashcrowdLoad,SingleApp,reg_tree,KV,WritesAvg,0.03249116267406282,5.2051613330841064
487,9,FlashcrowdLoad,SingleApp,random_forest,KV,WritesAvg,0.023067171409822843,50.43266177177429
488,10,FlashcrowdLoad,SingleApp,reg_tree,KV,WritesAvg,0.033057935573490974,5.612533092498779
489,10,FlashcrowdLoad,SingleApp,random_forest,KV,WritesAvg,0.02356882523100617,61.95965886116028
490,11,FlashcrowdLoad,SingleApp,reg_tree,KV,WritesAvg,0.03172228463433739,5.5698082447052
491,11,FlashcrowdLoad,SingleApp,random_forest,KV,WritesAvg,0.022677611338701022,54.555713415145874
492,12,FlashcrowdLoad,SingleApp,reg_tree,KV,WritesAvg,0.03086850683963061,5.253784656524658
493,12,FlashcrowdLoad,SingleApp,random_forest,KV,WritesAvg,0.022548336536650917,51.15222239494324
494,13,FlashcrowdLoad,SingleApp,reg_tree,KV,WritesAvg,0.03345618473866253,5.011672258377075
495,13,FlashcrowdLoad,SingleApp,random_forest,KV,WritesAvg,0.02320158365313094,53.38558769226074
496,14,FlashcrowdLoad,SingleApp,reg_tree,KV,WritesAvg,0.031950141569385894,4.778499603271484
497,14,FlashcrowdLoad,SingleApp,random_forest,KV,WritesAvg,0.022901645822110833,52.01840329170227
498,15,FlashcrowdLoad,SingleApp,reg_tree,KV,WritesAvg,0.031941161876551834,5.1702024936676025
499,15,FlashcrowdLoad,SingleApp,random_forest,KV,WritesAvg,0.022759388838372783,50.51003384590149
500,16,FlashcrowdLoad,SingleApp,reg_tree,KV,WritesAvg,0.03116363627842037,5.118582010269165
501,16,FlashcrowdLoad,SingleApp,random_forest,KV,WritesAvg,0.022696167606380817,51.03330183029175
502,17,FlashcrowdLoad,SingleApp,reg_tree,KV,WritesAvg,0.03199941698582176,5.433164119720459
503,17,FlashcrowdLoad,SingleApp,random_forest,KV,WritesAvg,0.022882386984835783,50.809043169021606
504,0,PeriodicLoad,SingleApp,reg_tree,KV,ReadsAvg,0.03407610662182454,6.692295789718628
505,0,PeriodicLoad,SingleApp,random_forest,KV,ReadsAvg,0.02454312494911702,69.60472345352173
506,1,PeriodicLoad,SingleApp,reg_tree,KV,ReadsAvg,0.03487401035786036,6.9989893436431885
507,1,PeriodicLoad,SingleApp,random_forest,KV,ReadsAvg,0.024572243526261875,67.27323985099792
508,2,PeriodicLoad,SingleApp,reg_tree,KV,ReadsAvg,0.0342174099205533,6.614484071731567
509,2,PeriodicLoad,SingleApp,random_forest,KV,ReadsAvg,0.024249139651896495,68.2550528049469
510,3,PeriodicLoad,SingleApp,reg_tree,KV,ReadsAvg,0.03425657502026685,6.3885416984558105
511,3,PeriodicLoad,SingleApp,random_forest,KV,ReadsAvg,0.024225720241557863,68.88485527038574
512,4,PeriodicLoad,SingleApp,reg_tree,KV,ReadsAvg,0.03435101548139639,6.738492727279663
513,4,PeriodicLoad,SingleApp,random_forest,KV,ReadsAvg,0.024717137079280565,69.56680846214294
514,5,PeriodicLoad,SingleApp,reg_tree,KV,ReadsAvg,0.03420456147954587,6.770157814025879
515,5,PeriodicLoad,SingleApp,random_forest,KV,ReadsAvg,0.0242545167089311,69.77120018005371
516,6,PeriodicLoad,SingleApp,reg_tree,KV,ReadsAvg,0.0346726959805015,7.232544660568237
517,6,PeriodicLoad,SingleApp,random_forest,KV,ReadsAvg,0.024245079243633266,69.75555658340454
518,7,PeriodicLoad,SingleApp,reg_tree,KV,ReadsAvg,0.034529381399762374,6.5058815479278564
519,7,PeriodicLoad,SingleApp,random_forest,KV,ReadsAvg,0.02416903343833073,69.0946352481842
520,8,PeriodicLoad,SingleApp,reg_tree,KV,ReadsAvg,0.034093296866038944,6.796163320541382
521,8,PeriodicLoad,SingleApp,random_forest,KV,ReadsAvg,0.024394597795276345,70.2604284286499
522,9,PeriodicLoad,SingleApp,reg_tree,KV,ReadsAvg,0.034609180877044274,6.522829055786133
523,9,PeriodicLoad,SingleApp,random_forest,KV,ReadsAvg,0.02436036078756383,71.16092681884766
524,10,PeriodicLoad,SingleApp,reg_tree,KV,ReadsAvg,0.034096425258132695,6.684845924377441
525,10,PeriodicLoad,SingleApp,random_forest,KV,ReadsAvg,0.024102263271822154,70.90121364593506
526,11,PeriodicLoad,SingleApp,reg_tree,KV,ReadsAvg,0.03526367243473527,7.262754678726196
527,11,PeriodicLoad,SingleApp,random_forest,KV,ReadsAvg,0.02473643680429961,77.46780061721802
528,12,PeriodicLoad,SingleApp,reg_tree,KV,ReadsAvg,0.03459537856778215,6.23525333404541
529,12,PeriodicLoad,SingleApp,random_forest,KV,ReadsAvg,0.02436094298089021,68.88840341567993
530,13,PeriodicLoad,SingleApp,reg_tree,KV,ReadsAvg,0.03483444213028442,7.258177995681763
531,13,PeriodicLoad,SingleApp,random_forest,KV,ReadsAvg,0.02419498809368168,70.32398819923401
532,14,PeriodicLoad,SingleApp,reg_tree,KV,ReadsAvg,0.03388432669598092,6.909021615982056
533,14,PeriodicLoad,SingleApp,random_forest,KV,ReadsAvg,0.024176665035407486,71.56099891662598
534,15,PeriodicLoad,SingleApp,reg_tree,KV,ReadsAvg,0.03394572991220872,6.853729248046875
535,15,PeriodicLoad,SingleApp,random_forest,KV,ReadsAvg,0.023875169307425993,76.25477862358093
536,16,PeriodicLoad,SingleApp,reg_tree,KV,ReadsAvg,0.034619058739188656,6.350963115692139
537,16,PeriodicLoad,SingleApp,random_forest,KV,ReadsAvg,0.02433187256988114,67.76210474967957
538,17,PeriodicLoad,SingleApp,reg_tree,KV,ReadsAvg,0.03429982705090364,6.530255079269409
539,17,PeriodicLoad,SingleApp,random_forest,KV,ReadsAvg,0.024470741535746868,69.57155537605286
540,0,PeriodicLoad,SingleApp,reg_tree,KV,WritesAvg,0.037297623088097275,6.867773056030273
541,0,PeriodicLoad,SingleApp,random_forest,KV,WritesAvg,0.026177008006787295,73.9972071647644
542,1,PeriodicLoad,SingleApp,reg_tree,KV,WritesAvg,0.03774758376084658,6.848327159881592
543,1,PeriodicLoad,SingleApp,random_forest,KV,WritesAvg,0.026475918091172623,68.77463865280151
544,2,PeriodicLoad,SingleApp,reg_tree,KV,WritesAvg,0.037348366983781085,7.119466304779053
545,2,PeriodicLoad,SingleApp,random_forest,KV,WritesAvg,0.025944400842498758,72.01604080200195
546,3,PeriodicLoad,SingleApp,reg_tree,KV,WritesAvg,0.03676170872599131,7.1594226360321045
547,3,PeriodicLoad,SingleApp,random_forest,KV,WritesAvg,0.02564434217463133,74.54222226142883
548,4,PeriodicLoad,SingleApp,reg_tree,KV,WritesAvg,0.03638675949197942,7.106326103210449
549,4,PeriodicLoad,SingleApp,random_forest,KV,WritesAvg,0.026069435989872512,71.49006032943726
550,5,PeriodicLoad,SingleApp,reg_tree,KV,WritesAvg,0.0368851625792844,7.0580925941467285
551,5,PeriodicLoad,SingleApp,random_forest,KV,WritesAvg,0.02571271218460842,80.44197154045105
552,6,PeriodicLoad,SingleApp,reg_tree,KV,WritesAvg,0.03730466449343053,7.480590105056763
553,6,PeriodicLoad,SingleApp,random_forest,KV,WritesAvg,0.026099635431333323,72.27439045906067
554,7,PeriodicLoad,SingleApp,reg_tree,KV,WritesAvg,0.03729598519257148,7.351194620132446
555,7,PeriodicLoad,SingleApp,random_forest,KV,WritesAvg,0.02585373752513081,82.16804480552673
556,8,PeriodicLoad,SingleApp,reg_tree,KV,WritesAvg,0.036702394866722,7.042246580123901
557,8,PeriodicLoad,SingleApp,random_forest,KV,WritesAvg,0.02555640378644743,77.92373466491699
558,9,PeriodicLoad,SingleApp,reg_tree,KV,WritesAvg,0.036651525517159805,7.150043487548828
559,9,PeriodicLoad,SingleApp,random_forest,KV,WritesAvg,0.025878809769130852,72.95835256576538
560,10,PeriodicLoad,SingleApp,reg_tree,KV,WritesAvg,0.03576083553456614,7.163658380508423
561,10,PeriodicLoad,SingleApp,random_forest,KV,WritesAvg,0.025980623295729647,73.60956406593323
562,11,PeriodicLoad,SingleApp,reg_tree,KV,WritesAvg,0.03721005579516855,6.938292980194092
563,11,PeriodicLoad,SingleApp,random_forest,KV,WritesAvg,0.026212650508972854,79.81562328338623
564,12,PeriodicLoad,SingleApp,reg_tree,KV,WritesAvg,0.03629463955917565,6.922259569168091
565,12,PeriodicLoad,SingleApp,random_forest,KV,WritesAvg,0.025893389709627117,70.4306709766388
566,13,PeriodicLoad,SingleApp,reg_tree,KV,WritesAvg,0.036802990023499016,7.33695912361145
567,13,PeriodicLoad,SingleApp,random_forest,KV,WritesAvg,0.02576930100541374,76.83929491043091
568,14,PeriodicLoad,SingleApp,reg_tree,KV,WritesAvg,0.03668169707905249,7.044845104217529
569,14,PeriodicLoad,SingleApp,random_forest,KV,WritesAvg,0.025952521136221925,72.9527006149292
570,15,PeriodicLoad,SingleApp,reg_tree,KV,WritesAvg,0.03554672177644839,7.607645273208618
571,15,PeriodicLoad,SingleApp,random_forest,KV,WritesAvg,0.024966117511798655,80.58242011070251
572,16,PeriodicLoad,SingleApp,reg_tree,KV,WritesAvg,0.036528468976330095,7.185374021530151
573,16,PeriodicLoad,SingleApp,random_forest,KV,WritesAvg,0.02609179887353736,70.22966575622559
574,17,PeriodicLoad,SingleApp,reg_tree,KV,WritesAvg,0.037114756904529714,7.646082639694214
575,17,PeriodicLoad,SingleApp,random_forest,KV,WritesAvg,0.02583012149147263,74.94091796875
